ID,monday,tuesday,wednesday,thursday,friday,saturday,sunday
67,Open 24 hours,Open 24 hours,Open 24 hours,Open 24 hours,Open 24 hours,Open 24 hours,5 AM–3 PM
148,Open 24 hours,Open 24 hours,Open 24 hours,Open 24 hours,Open 24 hours,Open 24 hours,Open 24 hours
230,Open 24 hours,Open 24 hours,Open 24 hours,Open 24 hours,Open 24 hours,Open 24 hours,Open 24 hours
332,Open 24 hours,Open 24 hours,Open 24 hours,Open 24 hours,Open 24 hours,Open 24 hours,Open 24 hours
518,Open 24 hours,Open 24 hours,Open 24 hours,Open 24 hours,Open 24 hours,Open 24 hours,Open 24 hours
565,Open 24 hours,Open 24 hours,Open 24 hours,Open 24 hours,Open 24 hours,Open 24 hours,Open 24 hours
694,Open 24 hours,Open 24 hours,Open 24 hours,Open 24 hours,Open 24 hours,Open 24 hours,Open 24 hours
700,Open 24 hours,Open 24 hours,Open 24 hours,Open 24 hours,Open 24 hours,Open 24 hours,Open 24 hours
739,Open 24 hours,Open 24 hours,Open 24 hours,Open 24 hours,Open 24 hours,Open 24 hours,Open 24 hours
780,Open 24 hours,Open 24 hours,Open 24 hours,Open 24 hours,Open 24 hours,Closed,Open 24 hours
833,Open 24 hours,Open 24 hours,Open 24 hours,Open 24 hours,Open 24 hours,Open 24 hours,Open 24 hours
1108,Open 24 hours,Open 24 hours,Open 24 hours,Open 24 hours,Open 24 hours,Open 24 hours,Open 24 hours
1128,Open 24 hours,Open 24 hours,Open 24 hours,Open 24 hours,Open 24 hours,Open 24 hours,Open 24 hours
1252,Open 24 hours,Open 24 hours,Open 24 hours,Open 24 hours,Open 24 hours,Open 24 hours,Open 24 hours
1356,Open 24 hours,Open 24 hours,Open 24 hours,Open 24 hours,Open 24 hours,Open 24 hours,Open 24 hours
1516,Open 24 hours,Open 24 hours,Open 24 hours,Open 24 hours,Open 24 hours,Open 24 hours,Open 24 hours
6,Closed,Closed,Closed,Closed,Closed,Closed,10:30 AM–12 PM
24,Closed,9 AM–1 PM,9 AM–1 PM,9 AM–1 PM,Closed,Closed,8 AM–12 PM
26,Closed,Closed,Closed,Closed,Closed,Closed,9 AM–12 PM
28,Closed,9:30 AM–2:30 PM,9:30 AM–2:30 PM,9:30 AM–2:30 PM,9:30 AM–2:30 PM,Closed,8 AM–11:30 PM
30,Closed,Closed,9 AM–12 PM,Closed,Closed,Closed,9 PM–12 AM
32,Closed,10 AM–2 PM,10 AM–2 PM,10 AM–2 PM,10 AM–2 PM,10 AM–1 PM,8–10:30 AM
33,Closed,Closed,Closed,Closed,Closed,Closed,9:30–10:30 AM
36,Closed,Closed,Closed,Closed,Closed,Closed,9 AM–12 PM
38,Closed,Closed,10 AM–1:30 PM,Closed,Closed,Closed,"8–10 AM, 11 AM–1:30 PM, 6–8 PM"
44,Closed,10 AM–1 PM,9 AM–1 PM,9 AM–1 PM,9 AM–1 PM,Closed,8:30 AM–1 PM
46,Closed,Closed,Closed,9:30 AM–12 PM,9:30 AM–12 PM,Closed,9:30 AM–12 PM
78,Closed,Closed,10–11 AM,Closed,Closed,Closed,10 AM–12 PM
79,Closed,Closed,Closed,Closed,Closed,Closed,10–11:30 AM
91,Closed,9 AM–12 PM,Closed,10–11 AM,Closed,Closed,10–11:30 AM
101,Closed,Closed,Closed,Closed,Closed,Closed,11 AM–12 PM
108,Closed,Closed,10–11 AM,Closed,Closed,Closed,Closed
109,Closed,Closed,Closed,Closed,Closed,Closed,"8:30–9:30 AM, 10 AM–12 PM"
111,Closed,Closed,Closed,Closed,Closed,Closed,10–11 AM
114,Closed,Closed,Closed,Closed,Closed,Closed,11 AM–12 PM
125,Closed,Closed,Closed,Closed,Closed,Closed,9:30–11 AM
129,Closed,9:30 AM–1 PM,Closed,Closed,9:30 AM–1 PM,Closed,9:30 AM–1 PM
131,Closed,9 AM–12 PM,9 AM–12 PM,9 AM–12 PM,9 AM–12 PM,Closed,Closed
133,Closed,9 AM–12 PM,9 AM–12 PM,9 AM–12 PM,9 AM–12 PM,Closed,"8–9 AM, 10–11:30 AM"
134,Closed,Closed,Closed,Closed,Closed,Closed,Open 24 hours
138,Closed,Closed,Closed,Closed,Closed,Closed,Open 24 hours
139,Closed,Closed,Closed,Closed,Closed,Closed,9–11 AM
140,Closed,Closed,9 AM–12 PM,9 AM–12 PM,Closed,Closed,10 AM–12 PM
142,Closed,Closed,Closed,Closed,Closed,Closed,9:15–11 AM
144,Closed,Closed,Closed,Closed,Closed,Closed,8 AM–12 PM
151,Closed,Closed,Closed,9 AM–4:30 AM,Closed,Closed,9:30–11:30 AM
155,Closed,9:30 AM–12:30 PM,9:30 AM–12:30 PM,9:30 AM–12:30 PM,9:30 AM–12:30 PM,Closed,8 AM–12 PM
158,Closed,Closed,Closed,Closed,Closed,Closed,8 AM–12 PM
160,Closed,Closed,Closed,Closed,Closed,Closed,9:30 AM–11:30 PM
168,Closed,9 AM–2 PM,9 AM–2 PM,Closed,9 AM–2 PM,Closed,"8–9 AM, 10–11 AM"
201,Closed,9 AM–1 PM,9 AM–1 PM,9 AM–1 PM,Closed,Closed,10 AM–12 PM
209,Closed,Closed,7–8:30 PM,Closed,Closed,Closed,"10 AM–12 PM, 5–6 PM"
210,Closed,Closed,Closed,Closed,Closed,Closed,10:30 AM–12 PM
212,Closed,9 AM–5 PM,Closed,9 AM–5 PM,9 AM–5 PM,Closed,"10 AM–3 PM, 6–8:30 PM"
217,Closed,9 AM–5 PM,9 AM–5 PM,9 AM–5 PM,9 AM–5 PM,Closed,9 AM–12:30 PM
220,Closed,6:30–8:30 PM,Closed,"9:30–11 AM, 6:30–8:30 PM",Closed,Closed,"8:30 AM–12 PM, 2–4 PM"
238,Closed,10 AM–1 PM,10 AM–1 PM,10 AM–1 PM,10 AM–1 PM,Closed,10 AM–5 PM
240,Closed,9 AM–4 PM,9 AM–4 PM,9 AM–4 PM,9 AM–4 PM,Closed,9 AM–12 PM
241,Closed,9 AM–3 PM,9 AM–3 PM,9 AM–3 PM,"9 AM–3 PM, 7–9 PM",Closed,10–11:30 AM
245,Closed,Closed,Closed,Closed,Closed,Closed,10 AM–12 PM
247,Closed,Closed,Closed,Closed,Closed,Closed,10 AM–12:30 PM
250,Closed,9 AM–4 PM,9 AM–4 PM,9 AM–4 PM,9 AM–4 PM,9 AM–4 PM,9 AM–4 PM
263,Closed,Closed,Closed,Closed,Closed,Closed,7–9 PM
264,Closed,Closed,Closed,Closed,Closed,Closed,10 AM–12:15 AM
265,Closed,9 AM–12:30 PM,9 AM–12:30 PM,9 AM–12:30 PM,9 AM–12:30 PM,Closed,9:30 AM–12 PM
268,Closed,Closed,7–8:30 PM,Closed,Closed,Closed,"10 AM–12 PM, 6–7 PM"
270,Closed,Closed,Closed,Closed,Closed,Closed,Open 24 hours
276,Closed,Closed,10 AM–12 PM,7–8:30 PM,Closed,Closed,9 AM–12 PM
285,Closed,9 AM–5 PM,9 AM–5 PM,9 AM–5 PM,9 AM–5 PM,Closed,10 AM–12 AM
290,Closed,9 AM–1 PM,9 AM–1 PM,9 AM–1 PM,9 AM–1 PM,Closed,10 AM–12 PM
292,Closed,Closed,Closed,Closed,Closed,Closed,9:30 AM–1 PM
295,Closed,9 AM–1 PM,9 AM–1 PM,9 AM–1 PM,9 AM–1 PM,Closed,10 AM–12 PM
296,Closed,Closed,Closed,Closed,Closed,Closed,10 AM–1 PM
297,Closed,Closed,6–8 PM,Closed,Closed,Closed,"10 AM–1 PM, 5–6 PM"
300,Closed,9 AM–12 PM,9 AM–12 PM,9 AM–12 PM,9 AM–12 PM,Closed,10–11 AM
304,Closed,9 AM–12 PM,9 AM–1 PM,9 AM–12 PM,8 AM–10:01 PM,Closed,6 AM–5 PM
305,Closed,9 AM–3 PM,9 AM–3 PM,9 AM–3 PM,9 AM–3 PM,Closed,10–11:30 AM
307,Closed,Closed,7–8:30 PM,Closed,Closed,Closed,10:45 AM–12 PM
309,Closed,Closed,Closed,Closed,7–8 PM,Closed,"10 AM–12 PM, 4:30–6 PM"
311,Closed,9 AM–4 PM,9 AM–4 PM,9 AM–4 PM,9 AM–4 PM,Closed,10 AM–12:30 PM
312,Closed,Closed,Closed,Closed,Closed,5–6:30 PM,Closed
313,Closed,9 AM–2:45 PM,Closed,9 AM–2:45 PM,Closed,Closed,10 AM–12 PM
321,Closed,Closed,6–7 PM,Closed,Closed,Closed,10 AM–12 AM
331,Closed,Closed,Closed,Closed,Closed,5:30–6:30 PM,Closed
343,Closed,Closed,Closed,Closed,Closed,Closed,9 AM–12 PM
347,Closed,Closed,Closed,Closed,Closed,Closed,9–10 AM
354,Closed,9–9:45 AM,Closed,9–9:45 AM,5:30–6:30 PM,Closed,5–6 PM
372,Closed,Closed,Closed,Closed,Closed,5:30–6:30 PM,10–11 AM
394,Closed,10–11 AM,Closed,Closed,Closed,6–7 PM,Closed
401,Closed,10 AM–11 PM,10 AM–11 PM,10 AM–11 PM,10 AM–11 PM,5:30–6:30 PM,9:30 AM–10:30 PM
407,Closed,Closed,9–9:30 AM,Closed,9:30 AM–6 PM,9–9:30 AM,10:30 AM–12 AM
408,Closed,9:30–10 AM,9:30–10 AM,9:30–10 AM,Closed,"9:30–10 AM, 5:30–7 PM",8:30–10 AM
411,Closed,Closed,9–10 AM,9–10 AM,Closed,Closed,10–11 AM
412,Closed,Closed,Closed,10 AM–2 PM,10 AM–2 PM,Closed,7:30–11:30 AM
422,Closed,Closed,Closed,Closed,Closed,Closed,10 AM–12 PM
423,Closed,Closed,Closed,Closed,Closed,Closed,10 AM–12 PM
427,Closed,Closed,Closed,Closed,Closed,Closed,10–11:30 AM
428,Closed,Closed,Closed,Closed,Closed,Closed,10 AM–12 PM
429,Closed,Closed,Closed,Closed,Closed,Closed,10 AM–12 PM
430,Closed,Closed,Closed,Closed,Closed,Closed,10 AM–12 PM
432,Closed,Closed,Closed,Closed,Closed,Closed,10 AM–12 PM
433,Closed,Closed,Closed,Closed,Closed,Closed,10 AM–12 PM
434,Closed,Closed,Closed,Closed,Closed,Closed,10 AM–12 PM
435,Closed,Closed,Closed,Closed,Closed,Closed,10 AM–12 PM
436,Closed,Closed,Closed,Closed,Closed,Closed,10 AM–12 PM
437,Closed,9 AM–4 PM,9 AM–4 PM,9 AM–4 PM,9 AM–4 PM,Closed,Closed
439,Closed,Closed,Closed,Closed,Closed,Closed,10–11:30 AM
441,Closed,Closed,Closed,Closed,Closed,Closed,10 AM–2 PM
442,Closed,Closed,Closed,Closed,Closed,Closed,10 AM–12 PM
446,Closed,9 AM–5 PM,9 AM–5 PM,Closed,9 AM–5 PM,Closed,10–11:30 AM
449,Closed,9 AM–2 PM,Closed,9 AM–2 PM,Closed,Closed,10 AM–12 PM
451,Closed,9 AM–4 PM,9 AM–4 PM,9 AM–4 PM,9 AM–4 PM,Closed,10–11:45 AM
452,Closed,Closed,Closed,Closed,Closed,Closed,9 AM–3 PM
453,Closed,Closed,Closed,Closed,Closed,Closed,9 AM–2 PM
454,Closed,Closed,Closed,Closed,Closed,Closed,10 AM–1 PM
455,Closed,Closed,Closed,Closed,Closed,Closed,10 AM–12 PM
458,Closed,Closed,Closed,Closed,Closed,Closed,10:30 AM–2 PM
459,Closed,Closed,Closed,Closed,Closed,Closed,10 AM–12 PM
461,Closed,Closed,Closed,Closed,Closed,Closed,10 AM–1 PM
465,Closed,9 AM–5 PM,9 AM–5 PM,9 AM–5 PM,9 AM–5 PM,Closed,9 AM–12 PM
467,Closed,Closed,Closed,Closed,Closed,Closed,10 AM–12 PM
468,Closed,Closed,Closed,Closed,Closed,Closed,9:30–11 AM
470,Closed,Closed,Closed,Closed,Closed,Closed,10:30 AM–12 PM
471,Closed,Closed,Closed,Closed,Closed,Closed,9 AM–2 PM
472,Closed,Closed,Closed,Closed,Closed,Closed,10:30 AM–12 PM
474,Closed,Closed,Closed,Closed,Closed,Closed,9 AM–3 PM
475,Closed,Closed,Closed,Closed,Closed,Closed,9 AM–2 PM
478,Closed,9 AM–3 PM,9 AM–3 PM,9 AM–3 PM,9 AM–3 PM,Closed,10–11:30 AM
479,Closed,Closed,Closed,Closed,Closed,Closed,10:30 AM–12 PM
480,Closed,Closed,Closed,Closed,Closed,Closed,9 AM–2 PM
481,Closed,Closed,Closed,Closed,Closed,Closed,10:45 AM–2 PM
483,Closed,Closed,Closed,Closed,Closed,Closed,10 AM–12 PM
484,Closed,Closed,6:30–9:30 PM,Closed,Closed,Closed,"9:30 AM–1 PM, 5:30–9 PM"
485,Closed,Closed,10 AM–9 PM,Closed,Closed,Closed,9 AM–12 PM
486,Closed,Closed,Closed,Closed,Closed,Closed,10 AM–12 PM
487,Closed,Closed,Closed,Closed,Closed,Closed,10 AM–12 PM
488,Closed,Closed,Closed,Closed,Closed,Closed,10 AM–12 PM
489,Closed,Closed,Closed,Closed,Closed,Closed,10:30 AM–2:30 PM
490,Closed,Closed,Closed,Closed,Closed,Closed,10 AM–12 PM
491,Closed,Closed,Closed,Closed,Closed,Closed,10 AM–12 PM
492,Closed,Closed,7:30–9 PM,Closed,Closed,Closed,"10:30 AM–12 PM, 7–8:30 PM"
493,Closed,Closed,6–9 PM,Closed,Closed,Closed,10 AM–1 PM
495,Closed,Closed,Closed,Closed,Closed,Closed,10 AM–12 PM
496,Closed,Closed,Closed,Closed,Closed,Closed,10–11:30 AM
497,Closed,Closed,Closed,Closed,Closed,Closed,10 AM–12 PM
498,Closed,Closed,Closed,Closed,Closed,Closed,9:30–11:30 AM
499,Closed,Closed,Closed,Closed,Closed,Closed,10 AM–12 PM
500,Closed,Closed,Closed,Closed,Closed,Closed,10 AM–12 PM
502,Closed,Closed,Closed,Closed,Closed,Closed,10 AM–12 PM
503,Closed,Closed,Closed,Closed,Closed,Closed,9:30–11:30 AM
504,Closed,Closed,Closed,Closed,Closed,Closed,10 AM–12 PM
506,Closed,Closed,Closed,Closed,Closed,Closed,10 AM–12 PM
507,Closed,Closed,Closed,Closed,Closed,Closed,10 AM–12 PM
508,Closed,9 AM–2:30 PM,9 AM–2:30 PM,9 AM–2:30 PM,9 AM–2:30 PM,Closed,9 AM–12 PM
510,Closed,Closed,Closed,Closed,Closed,Closed,9 AM–2 PM
513,Closed,Closed,Closed,Closed,Closed,Closed,10 AM–12 PM
524,Closed,Closed,Closed,Closed,Closed,Closed,10 AM–12 PM
525,Closed,Closed,Closed,Closed,Closed,Closed,10 AM–12 PM
528,Closed,Closed,Closed,Closed,Closed,Closed,10 AM–12 PM
529,Closed,Closed,Closed,Closed,Closed,Closed,10 AM–12 PM
531,Closed,9 AM–5 PM,9 AM–5 PM,9 AM–5 PM,9 AM–5 PM,Closed,Closed
532,Closed,9 AM–1 PM,9 AM–1 PM,9 AM–1 PM,9 AM–12 PM,Closed,9 AM–12 PM
534,Closed,Closed,Closed,Closed,Closed,Closed,11 AM–1 PM
535,Closed,Closed,Closed,Closed,Closed,Closed,10 AM–12 PM
537,Closed,Closed,Closed,Closed,Closed,Closed,10 AM–12 PM
538,Closed,Closed,12–2 PM,Closed,Closed,Closed,10 AM–2 PM
539,Closed,Closed,Closed,Closed,Closed,Closed,10 AM–12 PM
541,Closed,Closed,Closed,Closed,Closed,Closed,10 AM–12 PM
542,Closed,Closed,Closed,Closed,Closed,Closed,10 AM–12 PM
546,Closed,Closed,Closed,Closed,Closed,Closed,9–11 AM
547,Closed,Closed,Closed,Closed,Closed,Closed,9–11 AM
550,Closed,Closed,Closed,Closed,Closed,Closed,12–2 PM
552,Closed,Closed,Closed,Closed,Closed,Closed,1–5 PM
553,Closed,9 AM–5 PM,9 AM–5 PM,9 AM–5 PM,9 AM–5 PM,Closed,"9–11 AM, 5–7 PM"
555,Closed,Closed,Closed,Closed,Closed,Closed,9–11 AM
557,Closed,Closed,Closed,Closed,Closed,Closed,10 AM–12 PM
562,Closed,Closed,Closed,Closed,Closed,Closed,10–11:30 AM
564,Closed,Closed,Closed,Closed,Closed,Closed,9 AM–12:30 PM
572,Closed,Closed,Closed,Closed,Closed,Closed,10 AM–12 PM
578,Closed,Closed,Closed,Closed,Closed,Closed,9 AM–12:15 PM
580,Closed,7–9 PM,Closed,Closed,Closed,Closed,9:50 AM–1:30 PM
582,Closed,Closed,Closed,Closed,Closed,Closed,10–11:30 AM
585,Closed,Closed,Closed,Closed,Closed,Closed,4:20 AM–4:20 PM
597,Closed,Closed,Closed,Closed,Closed,6–9 PM,9 AM–1 AM
604,Closed,9 AM–5 PM,9 AM–5 PM,9 AM–5 PM,9 AM–5 PM,Closed,Closed
616,Closed,Closed,Closed,Closed,Closed,Closed,10 AM–12 PM
651,Closed,Closed,Closed,Closed,Closed,Closed,10 AM–12 PM
653,Closed,Closed,Closed,Closed,Closed,Closed,10 AM–12:30 PM
656,Closed,Closed,Closed,Closed,Closed,Closed,10 AM–12 PM
658,Closed,Closed,Closed,Closed,Closed,10 AM–12 PM,9:30–11 AM
667,Closed,9 AM–3 PM,9 AM–3 PM,9 AM–3 PM,9 AM–3 PM,Closed,Closed
668,Closed,Closed,Closed,Closed,Closed,Closed,10 AM–12 PM
671,Closed,9 AM–5 PM,9 AM–5 PM,9 AM–5 PM,9 AM–5 PM,Closed,10–11:20 AM
672,Closed,Closed,Closed,Closed,Closed,Closed,10–11:30 AM
677,Closed,Closed,Closed,Closed,Closed,Closed,7:15–9 PM
680,Closed,Closed,Closed,Closed,Closed,Closed,"10–11:30 AM, 5–6:30 PM"
682,Closed,Closed,Closed,Closed,Closed,Closed,10:30 AM–1 PM
684,Closed,Closed,Closed,Closed,Closed,Closed,10 AM–12 PM
687,Closed,9 AM–5 PM,9 AM–5 PM,9 AM–5 PM,9 AM–5 PM,Closed,10 AM–1 PM
695,Closed,Closed,Closed,Closed,Closed,Closed,9 AM–12:30 PM
697,Closed,Closed,Closed,Closed,Closed,Closed,9 AM–12 PM
699,Closed,Closed,9:30 AM–1 PM,Closed,Closed,Closed,9:30 AM–1 PM
701,Closed,5–10 PM,Closed,7:30–10:30 PM,8:30 AM–10:30 PM,8:30 AM–10:30 PM,8:30 AM–3:30 PM
702,Closed,Closed,Closed,Closed,Closed,Closed,9:30–11 AM
705,Closed,Closed,Closed,Closed,Closed,Closed,10 AM–1 PM
706,Closed,Closed,Closed,Closed,Closed,Closed,"10–11:30 AM, 5:30–7 PM"
709,Closed,9 AM–2:30 PM,9 AM–2:30 PM,9 AM–2:30 PM,9 AM–2:30 PM,Closed,"9 AM–12:30 PM, 5–8:30 PM"
710,Closed,Closed,Closed,Closed,Closed,Closed,"9–10:30 AM, 11 AM–12:30 PM"
713,Closed,Closed,6:30–9 PM,Closed,Closed,Closed,"9:30 AM–12 PM, 5:30–8 PM"
716,Closed,Closed,Closed,Closed,Closed,Closed,10 AM–12 PM
717,Closed,Closed,Closed,Closed,Closed,Closed,10 AM–12 PM
719,Closed,9 AM–1 PM,Closed,9 AM–1 PM,Closed,Closed,10 AM–12 PM
720,Closed,6–8 PM,Closed,Closed,Closed,Closed,3–7 PM
732,Closed,Closed,Closed,Closed,Closed,Closed,9:30–11 AM
736,Closed,Closed,9:30–11:30 AM,Closed,Closed,Closed,10 AM–12 PM
740,Closed,Closed,Closed,Closed,Closed,Closed,11:30 AM–1 PM
742,Closed,Closed,Closed,Closed,Closed,Closed,9:30 AM–2 AM
749,Closed,Closed,7–9 PM,Closed,Closed,Closed,"10 AM–12 PM, 5–7 PM"
751,Closed,Closed,Closed,Closed,Closed,Closed,10 AM–1 PM
752,Closed,6–7 AM,6–7 AM,"6–7 AM, 7–9 PM",6–7 AM,6–7 AM,1–5:30 PM
754,Closed,Closed,Closed,Closed,Closed,Closed,10 AM–12 PM
759,Closed,Closed,4–8 PM,Closed,9 AM–3 PM,Closed,9 AM–12 PM
767,Closed,Closed,7–9 PM,Closed,Closed,Closed,6 AM–8 PM
769,Closed,Closed,Closed,Closed,Closed,Closed,10:30 AM–1 PM
778,Closed,Closed,Closed,Closed,Closed,Closed,10 AM–1 PM
785,Closed,Closed,Closed,Closed,Closed,Closed,10 AM–12 PM
800,Closed,Closed,Closed,Closed,Closed,Closed,11 AM–1 PM
801,Closed,Closed,Closed,Closed,Closed,Closed,10 AM–12:30 PM
815,Closed,Closed,Closed,Closed,Closed,Closed,8:30 AM–12:30 PM
827,Closed,Closed,Closed,Closed,Closed,8 AM–6 PM,8 AM–6 PM
829,Closed,9 AM–5 PM,9 AM–5 PM,9 AM–5 PM,9 AM–5 PM,Closed,10–11:45 AM
835,Closed,Closed,9 AM–12:30 PM,Closed,Closed,Closed,9 AM–12:30 PM
843,Closed,9 AM–5 PM,9 AM–5 PM,9 AM–5 PM,9 AM–5 PM,Closed,9 AM–12:30 PM
845,Closed,6:30–8 PM,Closed,6:30–8 PM,Closed,10 AM–2:30 PM,Closed
850,Closed,Closed,12:30–2 PM,9:30 AM–12 PM,3–5 PM,Closed,10 AM–1 PM
851,Closed,Closed,Closed,Closed,Closed,Closed,"10–11:30 AM, 5–6 PM"
852,Closed,Closed,Closed,Closed,Closed,5–7:30 PM,Closed
854,Closed,Closed,Closed,Closed,Closed,Closed,10:45 AM–1 PM
861,Closed,Closed,Closed,Closed,Closed,Closed,10 AM–1 PM
863,Closed,Closed,Closed,Closed,Closed,Closed,10 AM–12 PM
870,Closed,Closed,7–9 PM,Closed,7–9 PM,Closed,10 AM–12 PM
872,Closed,Closed,Closed,Closed,Closed,Closed,10 AM–12 PM
874,Closed,Closed,Closed,Closed,Closed,Closed,9:30 AM–12:30 PM
875,Closed,Closed,Closed,Closed,Closed,Closed,10–11 AM
877,Closed,Closed,9 AM–12 PM,11:30 AM–2:30 PM,Closed,Closed,9:30 AM–12:30 PM
879,Closed,Closed,7–10 PM,Closed,Closed,Closed,10:30 AM–1 PM
881,Closed,Closed,Closed,Closed,Closed,Closed,7–9 PM
882,Closed,Closed,Closed,Closed,Closed,Closed,8 AM–1 PM
884,Closed,Closed,Closed,Closed,Closed,9 AM–3 PM,Closed
888,Closed,Closed,Closed,Closed,Closed,Closed,10 AM–12 PM
889,Closed,9 AM–12 AM,Closed,9 AM–12 AM,Closed,Closed,5–7:30 PM
891,Closed,Closed,7:30–10 PM,Closed,Closed,Closed,10 AM–1:30 PM
894,Closed,Closed,Closed,Closed,Closed,Closed,10 AM–12 PM
898,Closed,Closed,Closed,Closed,Closed,Closed,9:30 AM–12 PM
901,Closed,Closed,Closed,Closed,Closed,Closed,10:30 AM–12 PM
906,Closed,9:30 AM–3:30 PM,Closed,9:30 AM–3:30 PM,Closed,Closed,10:30–11:30 AM
907,Closed,Closed,Closed,Closed,Closed,Closed,11:30 AM–1 PM
909,Closed,Closed,Closed,Closed,Closed,Closed,10–11:45 AM
913,Closed,Closed,6:30–9:30 PM,Closed,Closed,Closed,"9:30 AM–12:30 PM, 5:30–9:30 PM"
940,Closed,Closed,Closed,Closed,Closed,Closed,10:30 AM–1:30 PM
941,Closed,9 AM–5 PM,9 AM–5 PM,9 AM–5 PM,9 AM–5 PM,Closed,10 AM–8 PM
945,Closed,Closed,Closed,Closed,Closed,Closed,10 AM–12 PM
948,Closed,Closed,Closed,Closed,Closed,Closed,10 AM–12:30 PM
950,Closed,7–8 PM,Closed,Closed,Closed,Closed,10:30 AM–12 PM
951,Closed,Closed,Closed,Closed,Closed,Closed,10 AM–12 PM
958,Closed,Closed,Closed,Closed,Closed,Closed,10:30 AM–12 PM
963,Closed,Closed,9 AM–2 PM,Closed,9 AM–2 PM,Closed,9 AM–12 PM
967,Closed,Closed,Closed,Closed,Closed,Closed,9:30 AM–1:30 PM
978,Closed,Closed,Closed,Closed,Closed,Closed,10:30 AM–12 PM
980,Closed,Closed,Closed,Closed,Closed,Closed,10 AM–12 PM
982,Closed,Closed,Closed,Closed,Closed,Closed,1–2 PM
985,Closed,Closed,6:30–7:30 PM,Closed,Closed,Closed,"10 AM–12 PM, 4–5 PM"
986,Closed,Closed,Closed,Closed,Closed,Closed,11 AM–4 PM
991,Closed,Closed,Closed,Closed,Closed,Closed,10–11 AM
994,Closed,Closed,Closed,Closed,Closed,Closed,9:30–10:30 AM
995,Closed,Closed,Closed,Closed,Closed,Closed,10 AM–12 PM
1006,Closed,Closed,Closed,Closed,Closed,Closed,10 AM–12 PM
1018,Closed,Closed,Closed,Closed,Closed,Closed,3:30–7 PM
1025,Closed,Closed,Closed,Closed,Closed,Closed,"10:30 AM–12 PM, 7–8 PM"
1027,Closed,Closed,Closed,Closed,Closed,Closed,"10:30 AM–12:30 PM, 5–6:30 PM"
1030,Closed,9 AM–3 PM,9 AM–3 PM,9 AM–3 PM,9 AM–3 PM,Closed,"11 AM–12:30 PM, 5–7 PM"
1045,Closed,Closed,Closed,Closed,Closed,Closed,"10:30 AM–12:30 PM, 4:30–6:30 PM"
1059,Closed,Closed,Closed,Closed,Closed,Closed,10–11 AM
1064,Closed,Closed,Closed,Closed,Closed,Closed,9:30–11:30 AM
1065,Closed,Closed,Closed,Closed,Closed,Closed,10 AM–12:30 PM
1068,Closed,9 AM–1 PM,9 AM–1 PM,9 AM–1 PM,9 AM–1 PM,Closed,Closed
1070,Closed,Closed,Closed,Closed,Closed,4–5 PM,Closed
1072,Closed,Closed,Closed,Closed,Closed,Closed,10 AM–12 PM
1074,Closed,Closed,Closed,Closed,Closed,Closed,"10–11:45 AM, 6–7:45 PM"
1077,Closed,9 AM–2 PM,9 AM–2 PM,9 AM–2 PM,9 AM–2 PM,Closed,Closed
1085,Closed,Closed,Closed,Closed,Closed,Closed,9:30 AM–1 PM
1088,Closed,Closed,Closed,Closed,Closed,Closed,"9:30–11:30 AM, 5:30–7:30 PM"
1089,Closed,Closed,Closed,Closed,Closed,Closed,10 AM–12 PM
1092,Closed,Closed,Closed,Closed,Closed,Closed,10–11:30 AM
1093,Closed,Closed,Closed,Closed,Closed,Closed,10 AM–12 PM
1098,Closed,10:30 AM–2:30 PM,Closed,10:30 AM–2:30 PM,10:30 AM–2:30 PM,Closed,9:30 AM–12:30 PM
1104,Closed,Closed,Closed,Closed,Closed,Closed,4–7 PM
1106,Closed,Closed,Closed,Closed,Closed,Closed,10:30 AM–12 PM
1110,Closed,Closed,7:30–9 PM,Closed,Closed,Closed,10 AM–12:30 PM
1115,Closed,7:30–8:30 PM,Closed,Closed,Closed,Closed,10 AM–12 PM
1117,Closed,Closed,Closed,Closed,Closed,Closed,10 AM–12 PM
1118,Closed,Closed,Closed,Closed,Closed,Closed,10–11:30 AM
1120,Closed,Closed,Closed,Closed,Closed,Closed,10 AM–12 PM
1121,Closed,Closed,Closed,Closed,Closed,Closed,4:30–7:30 PM
1122,Closed,Closed,Closed,Closed,Closed,Closed,10 AM–12 PM
1124,Closed,Closed,6:30–9:30 PM,Closed,Closed,Closed,"9:30 AM–12 PM, 5:30–9 PM"
1133,Closed,Closed,Closed,Closed,Closed,Closed,"10–11:30 AM, 5–6:30 PM"
1136,Closed,Closed,Closed,Closed,Closed,Closed,10:30 AM–3 PM
1143,Closed,Closed,Closed,Closed,Closed,Closed,10:30 AM–12 PM
1148,Closed,Closed,Closed,Closed,Closed,Closed,10:30 AM–12 PM
1149,Closed,Closed,Closed,Closed,Closed,Closed,4–6 PM
1150,Closed,9 AM–5 PM,9 AM–5 PM,9 AM–5 PM,9 AM–5 PM,Closed,10 AM–12 PM
1151,Closed,Closed,7–8:30 PM,Closed,Closed,Closed,10:30 AM–1:30 PM
1152,Closed,Closed,Closed,Closed,Closed,Closed,"10:30 AM–12 PM, 4:30–6 PM"
1153,Closed,Closed,Closed,Closed,Closed,Closed,10 AM–12 PM
1156,Closed,Closed,Closed,Closed,Closed,Closed,10 AM–2 PM
1161,Closed,Closed,7–8:15 PM,Closed,Closed,Closed,10 AM–12:30 PM
1163,Closed,Closed,Closed,Closed,Closed,Closed,10:30 AM–12 PM
1167,Closed,Closed,Closed,Closed,Closed,Closed,"10:30 AM–12:30 PM, 6:30–8:30 PM"
1171,Closed,Closed,Closed,Closed,Closed,Closed,"10 AM–12 PM, 4–5 PM"
1189,Closed,Closed,Closed,Closed,Closed,Closed,8 AM–2 AM
1191,Closed,Closed,Closed,Closed,Closed,Closed,9 AM–2 PM
1196,Closed,Closed,Closed,Closed,Closed,Closed,12–2 PM
1201,Closed,Closed,Closed,Closed,Closed,Closed,9 AM–1 PM
1206,Closed,Closed,Closed,Closed,Closed,Closed,10:30–11:30 AM
1215,Closed,Closed,Closed,Closed,Closed,Closed,10 AM–12:30 PM
1216,Closed,Closed,Closed,Closed,Closed,Closed,10 AM–11:45 PM
1218,Closed,Closed,Closed,Closed,Closed,Closed,9 AM–1 PM
1221,Closed,Closed,Closed,Closed,Closed,Closed,10 AM–12 PM
1222,Closed,Closed,7:30–9 PM,Closed,Closed,Closed,"9:30 AM–12:30 PM, 7–8 PM"
1223,Closed,Closed,Closed,Closed,Closed,Closed,10:30 AM–1 PM
1228,Closed,7–9 PM,7–9 PM,Closed,Closed,Closed,"10 AM–12 PM, 1:30–3:30 PM"
1230,Closed,7–9 PM,Closed,Closed,Closed,Closed,10 AM–12 PM
1233,Closed,7–9:45 PM,Closed,Closed,Closed,Closed,10–11:45 AM
1274,Closed,Closed,Closed,Closed,Closed,Closed,2–5 PM
1287,Closed,Closed,Closed,Closed,Closed,Closed,10–11 AM
1299,Closed,Closed,Closed,Closed,Closed,Closed,9 AM–12 PM
1306,Closed,Closed,Closed,Closed,Closed,Closed,10 AM–12 PM
1308,Closed,Closed,Closed,Closed,Closed,Closed,9:30 AM–1 PM
1313,Closed,Closed,Closed,Closed,Closed,Closed,10 AM–12 PM
1314,Closed,Closed,Closed,7:30–8:45 PM,7–9 PM,Closed,10 AM–12 PM
1316,Closed,9:30 AM–1 PM,9:30 AM–1 PM,9:30 AM–1 PM,9:30 AM–1 PM,Closed,8:30 AM–2 PM
1317,Closed,Closed,Closed,Closed,Closed,10 AM–12:30 PM,9 AM–1 PM
1318,Closed,Closed,Closed,Closed,Closed,Closed,10:30 AM–12 PM
1320,Closed,Closed,Closed,Closed,Closed,Closed,"9–10 AM, 10:30 AM–12 PM, 6–7:20 PM"
1321,Closed,10 AM–2 PM,10 AM–2 PM,10 AM–2 PM,Closed,Closed,"10 AM–12 PM, 6:30–8:30 PM"
1322,Closed,Closed,Closed,Closed,Closed,Closed,10 AM–12 PM
1323,Closed,Closed,Closed,Closed,7–8:30 PM,Closed,6:30–8:30 PM
1326,Closed,Closed,Closed,Closed,Closed,Closed,9 AM–12:30 PM
1328,Closed,Closed,Closed,Closed,Closed,Closed,10–11:45 AM
1329,Closed,Closed,Closed,Closed,Closed,Closed,9:30–11 AM
1332,Closed,Closed,Closed,Closed,Closed,Closed,10 AM–12 PM
1333,Closed,9 AM–2 PM,9 AM–2 PM,9 AM–2 PM,9:30 AM–2 PM,Closed,9:30 AM–1 PM
1344,Closed,8 AM–12:30 PM,8 AM–2 PM,8 AM–2 PM,Closed,Closed,10 AM–12 PM
1345,Closed,10 AM–2 PM,10 AM–2 PM,10 AM–2 PM,10 AM–2 PM,Closed,8:30 AM–1 PM
1351,Closed,Closed,Closed,Closed,Closed,Closed,10 AM–12 PM
1360,Closed,Closed,Closed,Closed,11:30 AM–1:30 PM,Closed,10–11 AM
1361,Closed,Closed,Closed,Closed,11:30 AM–1:30 PM,Closed,10–11 AM
1362,Closed,Closed,Closed,Closed,Closed,Closed,10 AM–12:30 AM
1367,Closed,Closed,Closed,Closed,Closed,Closed,10–11 AM
1369,Closed,Closed,Closed,Closed,Closed,Closed,"10 AM–12 PM, 5–6:30 PM"
1379,Closed,9 AM–1 PM,9 AM–1 PM,9 AM–1 PM,9 AM–1 PM,Closed,9 AM–12:30 PM
1383,Closed,Closed,Closed,Closed,Closed,Closed,10 AM–12 PM
1394,Closed,Closed,Closed,Closed,Closed,Closed,2:30–6 PM
1396,Closed,9 AM–12 PM,9 AM–12 PM,9 AM–12 PM,9 AM–12 PM,Closed,"9:30 AM–12 PM, 3–6 PM"
1398,Closed,10 AM–12 PM,10:30 AM–12 PM,Closed,10 AM–12:30 PM,11 AM–1 PM,9:30 AM–5 PM
1411,Closed,10 AM–1 PM,9 AM–1 PM,9 AM–1 PM,9 AM–1 PM,Closed,9:15 AM–1 PM
1412,Closed,Closed,Closed,Closed,Closed,Closed,9:30–11 AM
1413,Closed,10 AM–2 PM,10 AM–2 PM,10 AM–2 PM,10 AM–2 PM,Closed,"9–10:15 AM, 10:30 AM–12 PM"
1415,Closed,9 AM–1 PM,9 AM–1 PM,9 AM–1 PM,9 AM–1 PM,Closed,9:30–11 AM
1416,Closed,8:30 AM–12 PM,Closed,Closed,8:30 AM–3:30 PM,Closed,9:30 AM–11:30 PM
1417,Closed,Closed,Closed,Closed,Closed,Closed,9–11:30 AM
1428,Closed,9 AM–3 PM,9 AM–3 PM,9 AM–3 PM,Closed,Closed,10 AM–12 PM
1433,Closed,Closed,7:30–8:45 PM,Closed,Closed,Closed,"11 AM–12:30 PM, 6–7:30 PM"
1443,Closed,9 AM–1 PM,Closed,9 AM–1 PM,Closed,Closed,10–11:20 AM
1446,Closed,9:30 AM–3:30 AM,Closed,9:30 AM–3:30 AM,Closed,Closed,Closed
1458,Closed,Closed,Closed,Closed,Closed,Closed,9:30 AM–5 PM
1459,Closed,9 AM–12 PM,9 AM–12 PM,9 AM–12 PM,9 AM–12 PM,Closed,9:30–11 AM
1460,Closed,Closed,Closed,Closed,Closed,Closed,8:30 AM–12:45 PM
1463,Closed,9 AM–4 PM,9 AM–12 PM,9 AM–4 PM,9 AM–4 PM,Closed,9:30 AM–12 PM
1466,Closed,Closed,Closed,Closed,Closed,Closed,9:30 AM–12 PM
1469,Closed,Closed,Closed,Closed,Closed,Closed,9 AM–5 PM
1470,Closed,9 AM–3 PM,9 AM–3 PM,9 AM–3 PM,9 AM–3 PM,Closed,10 AM–12 PM
1481,Closed,Closed,Closed,Closed,Closed,Closed,10–11:30 AM
1485,Closed,9 AM–12 PM,9 AM–12 PM,9 AM–12 PM,9 AM–12 PM,Closed,9:45–11:15 AM
1486,Closed,9 AM–12 PM,Closed,Closed,9 AM–12 PM,Closed,9–11:30 AM
1491,Closed,Closed,Closed,Closed,Closed,Closed,"10:30 AM–12:30 PM, 5–7 PM"
1493,Closed,Closed,Closed,Closed,Closed,Closed,9:30–11 AM
1494,Closed,Closed,Closed,Closed,Closed,Closed,10:30 AM–12 PM
1498,Closed,7:09 AM–7:18 PM,7:09 AM–7:18 PM,7:09 AM–7:18 PM,7:09 AM–7:18 PM,7:09 AM–7:18 PM,7:09 AM–7:18 PM
1512,Closed,Closed,6–7 PM,Closed,Closed,Closed,10 AM–12:30 PM
1518,Closed,Closed,Closed,Closed,Closed,Closed,3:45 AM–7 PM
1519,Closed,10 AM–6 PM,10 AM–6 PM,Closed,10 AM–6 PM,10 AM–6 PM,Closed
1520,Closed,Closed,Closed,Closed,Closed,9:30 AM–1 PM,Closed
1528,Closed,Closed,Closed,Closed,Closed,9:30 AM–1:30 PM,Closed
1530,Closed,Closed,Closed,Closed,Closed,9:15 AM–1 PM,Closed
1533,Closed,Closed,Closed,Closed,Closed,9:30 AM–12:30 PM,Closed
1536,Closed,Closed,7–8 PM,Closed,Closed,9:30 AM–12 PM,Closed
1541,Closed,Closed,Closed,Closed,Closed,9:30 AM–12 PM,Closed
1543,Closed,6:30–7:30 PM,Closed,Closed,Closed,"9:30–10:30 AM, 11 AM–12 PM",Closed
1547,Closed,Closed,Closed,Closed,Closed,Closed,10:15 AM–12 PM
1548,Closed,Closed,Closed,Closed,Closed,Closed,10 AM–12 PM
1550,Closed,Closed,Closed,Closed,6–8:30 PM,Closed,Closed
1551,Closed,Closed,5–8 PM,Closed,Closed,Closed,Closed
1553,Closed,10 AM–4 PM,10 AM–4 PM,10 AM–4 PM,10 AM–4 PM,Closed,Closed
1001,9:45 AM–1 PM,9:45 AM–1 PM,9:45 AM–1 PM,9:45 AM–1 PM,9:45 AM–1 PM,Closed,9:45 AM–1 PM
456,9:30 AM–5 PM,9:30 AM–5 PM,9:30 AM–5 PM,9:30 AM–5 PM,9:30 AM–5 PM,Closed,10 AM–8 PM
1382,9:30 AM–5 PM,8 AM–4:30 PM,8 AM–5 PM,8 AM–5 PM,8:45 AM–5 PM,Closed,Closed
469,9:30 AM–4:30 PM,9:30 AM–4:30 PM,9:30 AM–4:30 PM,9:30 AM–4:30 PM,9:30 AM–4:30 PM,Closed,9:30 AM–1:30 PM
614,9:30 AM–4:30 PM,9:30 AM–4:30 PM,9:30 AM–4:30 PM,9:30 AM–4:30 PM,9:30 AM–4:30 PM,Closed,10:30 AM–12 PM
561,9:30 AM–4 PM,9:30 AM–4 PM,9:30 AM–4 PM,9:30 AM–4 PM,9:30 AM–4 PM,Closed,Closed
786,9:30 AM–4 PM,9:30 AM–4 PM,9:30 AM–4 PM,9:30 AM–4 PM,Closed,Closed,9:30–11 AM
1522,9:30 AM–3 PM,9:30 AM–3 PM,9:30 AM–3 PM,9:30 AM–3 PM,9:30 AM–3 PM,9:30 AM–2 PM,Closed
1066,9:30 AM–2:30 PM,9:30 AM–2:30 PM,Closed,9:30 AM–12 PM,Closed,Closed,10 AM–12:30 PM
1392,9:30 AM–2:30 PM,9:30 AM–2:30 PM,Closed,9:30 AM–2:30 PM,Closed,Closed,10–11:30 AM
224,9:30 AM–12:30 PM,Closed,9:30 AM–12:30 PM,9:30 AM–12:30 PM,Closed,Closed,10–11:30 AM
1069,9:30 AM–12:30 AM,Closed,Closed,Closed,10 AM–12 AM,Closed,"9:30 AM–12 PM, 6:45–8 PM"
842,9:30 AM–12 PM,9:30 AM–12 PM,9:30 AM–12 PM,9:30 AM–12 PM,9:30 AM–12 PM,Closed,9:30 AM–12:30 PM
976,9:30 AM–12 PM,9:30 AM–12 PM,9:30 AM–12 PM,9:30 AM–12 PM,9:30 AM–12 PM,Closed,10 AM–12 PM
1450,9:30 AM–12 AM,9:30 AM–12 AM,9:30 AM–12 AM,9:30 AM–12 AM,9:30 AM–12 AM,Closed,9:30–11 AM
350,9:15 AM–6 AM,9:15 AM–6 AM,9:15 AM–6 AM,9:15 AM–6 AM,9:15 AM–6 AM,Closed,8:30–9:30 AM
228,9:15 AM–4 PM,Closed,9 AM–4 PM,9 AM–4 PM,10 AM–4 PM,Closed,9:30 AM–2 PM
113,9–9:30 PM,9–9:30 PM,9–9:30 PM,9–9:30 PM,9–9:30 PM,Closed,5–7:30 PM
1113,9–10 AM,9–10 AM,9–10 AM,9–10 AM,9–10 AM,Closed,10:30–11:45 AM
761,9 AM–9 PM,9 AM–9 PM,9 AM–9 PM,9 AM–9 PM,9 AM–9 PM,9 AM–1 PM,8 AM–8 PM
237,9 AM–5 PM,9 AM–5 PM,9 AM–5 PM,9 AM–5 PM,9 AM–5 PM,Open 24 hours,Open 24 hours
254,9 AM–5 PM,9 AM–5 PM,9 AM–5 PM,9 AM–5 PM,9 AM–5 PM,Closed,10 AM–12 PM
274,9 AM–5 PM,9 AM–3 PM,9 AM–3 PM,9 AM–3 PM,Closed,3:33 AM–6:36 PM,8:30 AM–8 PM
286,9 AM–5 PM,9 AM–5 PM,9 AM–5 PM,9 AM–5 PM,9 AM–5 PM,Closed,10 AM–12 PM
291,9 AM–5 PM,9 AM–5 PM,9 AM–5 PM,9 AM–5 PM,9 AM–5 PM,Closed,10 AM–1 PM
327,9 AM–5 PM,9 AM–5 PM,9 AM–5 PM,9 AM–5 PM,9 AM–5 PM,9 AM–5 PM,9 AM–5 PM
450,9 AM–5 PM,9 AM–5 PM,9 AM–5 PM,9 AM–5 PM,9 AM–5 PM,Closed,8:30 AM–1 PM
457,9 AM–5 PM,9 AM–5 PM,9 AM–5 PM,9 AM–5 PM,9 AM–5 PM,Closed,"9 AM–12:30 PM, 6–7:30 PM"
462,9 AM–5 PM,9 AM–5 PM,9 AM–5 PM,9 AM–5 PM,6–9 PM,Closed,"10 AM–12 PM, 7–8:30 PM"
548,9 AM–5 PM,9 AM–5 PM,9 AM–5 PM,9 AM–5 PM,9 AM–5 PM,Closed,9:30 AM–12 PM
556,9 AM–5 PM,9 AM–5 PM,9 AM–5 PM,9 AM–5 PM,Closed,Closed,9 AM–12 PM
665,9 AM–5 PM,9 AM–5 PM,9 AM–5 PM,9 AM–5 PM,9 AM–5 PM,Closed,"10 AM–12 PM, 5:30–7 PM"
674,9 AM–5 PM,9 AM–5 PM,9 AM–5 PM,9 AM–5 PM,9 AM–5 PM,Closed,10:30 AM–12:30 PM
676,9 AM–5 PM,9 AM–5 PM,9 AM–5 PM,9 AM–5 PM,Closed,Closed,9 AM–12 PM
686,9 AM–5 PM,9 AM–5 PM,9 AM–5 PM,9 AM–5 PM,9 AM–5 PM,Closed,10–11:30 AM
696,9 AM–5 PM,9 AM–5 PM,9 AM–5 PM,9 AM–5 PM,9 AM–5 PM,9 AM–5 PM,9 AM–5 PM
698,9 AM–5 PM,9 AM–5 PM,9 AM–5 PM,9 AM–5 PM,9 AM–5 PM,Closed,9:50 AM–12 PM
726,9 AM–5 PM,9 AM–5 PM,9 AM–5 PM,9 AM–5 PM,Closed,Closed,10 AM–12 PM
770,9 AM–5 PM,Closed,Closed,Closed,9 AM–5 PM,9 AM–5 PM,10–11:30 AM
782,9 AM–5 PM,9 AM–5 PM,9 AM–5 PM,9 AM–5 PM,9 AM–5 PM,Closed,10 AM–12 PM
798,9 AM–5 PM,9 AM–5 PM,9 AM–5 PM,9 AM–5 PM,Closed,Closed,9 AM–5 PM
802,9 AM–5 PM,9 AM–5 PM,9 AM–5 PM,9 AM–5 PM,9 AM–5 PM,Closed,10 AM–1 PM
878,9 AM–5 PM,9 AM–5 PM,9 AM–5 PM,9 AM–5 PM,9 AM–5 PM,Closed,9 AM–5 PM
1095,9 AM–5 PM,9 AM–5 PM,9 AM–5 PM,9 AM–5 PM,9 AM–5 PM,Closed,10 AM–1:30 PM
1217,9 AM–5 PM,9 AM–5 PM,9 AM–5 PM,9 AM–5 PM,9 AM–5 PM,Closed,Closed
1303,9 AM–5 PM,9 AM–5 PM,9 AM–5 PM,9 AM–5 PM,9 AM–5 PM,Closed,Closed
1406,9 AM–5 PM,9 AM–5 PM,9 AM–5 PM,9 AM–5 PM,9 AM–12:30 PM,Closed,8:30 AM–12 PM
1513,9 AM–5 PM,9 AM–5 PM,Closed,Closed,9 AM–4 PM,Closed,9 AM–1 PM
530,9 AM–4:30 PM,9 AM–4:30 PM,9 AM–4:30 PM,9 AM–4:30 PM,Closed,Closed,10:30 AM–12:30 PM
563,9 AM–4:30 PM,9 AM–4:30 PM,9 AM–4:30 PM,9 AM–4:30 PM,Closed,Closed,Closed
965,9 AM–4:30 PM,9 AM–4:30 PM,9 AM–4:30 PM,9 AM–4:30 PM,9 AM–4:30 PM,Closed,9:30–11 AM
1334,9 AM–4:30 PM,9 AM–4:30 PM,9 AM–4:30 PM,9 AM–4:30 PM,9 AM–4:30 PM,Closed,9 AM–1 PM
239,9 AM–4 PM,9 AM–4 PM,9 AM–4 PM,9 AM–4 PM,9 AM–4 PM,Closed,9 AM–8 PM
267,9 AM–4 PM,9 AM–4 PM,9 AM–4 PM,9 AM–4 PM,Closed,Closed,Closed
579,9 AM–4 PM,9 AM–4 PM,9 AM–4 PM,9 AM–4 PM,9 AM–4 PM,9 AM–1 PM,Closed
678,9 AM–4 PM,9 AM–4 PM,9 AM–4 PM,9 AM–4 PM,9 AM–4 PM,Closed,"9–10:15 AM, 11 AM–12:15 PM"
690,9 AM–4 PM,9 AM–4 PM,9 AM–4 PM,9 AM–4 PM,9 AM–4 PM,Closed,Closed
725,9 AM–4 PM,9 AM–4 PM,9 AM–4 PM,9 AM–4 PM,Closed,Closed,9 AM–12 PM
760,9 AM–4 PM,9 AM–4 PM,9 AM–4 PM,9 AM–4 PM,9 AM–4 PM,Closed,10 AM–12 PM
1023,9 AM–4 PM,9 AM–5 PM,9 AM–5 PM,9 AM–5 PM,Closed,Closed,9:30–11:30 AM
1029,9 AM–4 PM,9 AM–4 PM,9 AM–4 PM,9 AM–4 PM,9 AM–3 PM,Closed,Closed
1039,9 AM–4 PM,9 AM–4 PM,9 AM–4 PM,9 AM–4 PM,9 AM–4 PM,Closed,10 AM–12 PM
1046,9 AM–4 PM,9 AM–4 PM,9 AM–4 PM,9 AM–4 PM,9 AM–4 PM,Closed,"10–11:30 AM, 7–9:30 PM"
463,9 AM–3:30 PM,9 AM–3:30 PM,9 AM–3:30 PM,9 AM–3:30 PM,9 AM–3:30 PM,Closed,9 AM–3:30 PM
45,9 AM–3 PM,9 AM–3 PM,9 AM–3 PM,9 AM–3 PM,9 AM–3 PM,Closed,8 AM–12 PM
176,9 AM–3 PM,9 AM–3 PM,9 AM–3 PM,9 AM–3 PM,9 AM–3 PM,9 AM–3 PM,9 AM–3 PM
216,9 AM–3 PM,9 AM–3 PM,9 AM–3 PM,9 AM–3 PM,9 AM–3 PM,Closed,10 AM–8:30 PM
235,9 AM–3 PM,9 AM–3 PM,9 AM–3 PM,9 AM–3 PM,9 AM–3 PM,Closed,9:30 AM–12 PM
421,9 AM–3 PM,9 AM–3 PM,Closed,9 AM–3 PM,9 AM–3 PM,Closed,Closed
424,9 AM–3 PM,9 AM–3 PM,9 AM–3 PM,9 AM–3 PM,9 AM–3 PM,Closed,10 AM–1 PM
431,9 AM–3 PM,9 AM–3 PM,9 AM–3 PM,9 AM–3 PM,9 AM–3 PM,Closed,10:30 AM–12 PM
867,9 AM–3 PM,9 AM–3 PM,9 AM–3 PM,9 AM–3 PM,Closed,Closed,10–11 AM
1138,9 AM–3 PM,9 AM–3 PM,9 AM–3 PM,9 AM–3 PM,9 AM–3 PM,Closed,10 AM–12:30 PM
1146,9 AM–3 PM,9 AM–3 PM,9 AM–3 PM,9 AM–3 PM,9 AM–3 PM,9 AM–5 PM,8–11:30 AM
1147,9 AM–3 PM,9 AM–3 PM,9 AM–3 PM,"6:30–7:30 AM, 9 AM–3 PM",9 AM–3 PM,Closed,"9–10:15 AM, 11 AM–12:15 PM"
1319,9 AM–3 PM,9 AM–3 PM,9 AM–3 PM,9 AM–3 PM,9 AM–3 PM,9 AM–3 PM,9–11 AM
1324,9 AM–3 PM,9 AM–3 PM,9 AM–3 PM,9 AM–3 PM,9 AM–3 PM,Closed,"10 AM–12:30 PM, 4–5:30 PM, 7–9 PM"
1347,9 AM–3 PM,9 AM–3 PM,9 AM–3 PM,9 AM–3 PM,Closed,Closed,9 AM–12 PM
1391,9 AM–3 PM,9 AM–3 PM,9 AM–3 PM,9 AM–3 PM,Closed,Closed,8:15 AM–12 PM
1410,9 AM–3 PM,9 AM–3 PM,9 AM–3 PM,9 AM–3 PM,9 AM–3 PM,Closed,"10–11:30 AM, 6–7 PM"
1544,9 AM–3 PM,9 AM–3 PM,Closed,9 AM–3 PM,9 AM–3 PM,Closed,Closed
741,9 AM–2:30 PM,9 AM–2:30 PM,9 AM–2:30 PM,9 AM–2:30 PM,9 AM–2:30 PM,Closed,8–11:30 AM
1016,9 AM–2:30 PM,10 AM–2:30 PM,9 AM–2:30 PM,9 AM–2:30 PM,Closed,Closed,10 AM–12 PM
1056,9 AM–2:30 PM,Closed,9 AM–2:30 PM,Closed,9 AM–2:30 PM,Closed,10–11:30 AM
1276,9 AM–2:30 PM,9 AM–2:30 PM,9 AM–2:30 PM,9 AM–2:30 PM,9 AM–1:30 PM,Closed,Closed
57,9 AM–2 PM,9 AM–2 PM,9 AM–2 PM,9 AM–2 PM,9 AM–2 PM,Closed,7:30 AM–12:30 PM
271,9 AM–2 PM,9 AM–2 PM,9 AM–2 PM,9 AM–2 PM,Closed,Closed,Closed
979,9 AM–2 PM,9 AM–2 PM,9 AM–2 PM,Closed,9 AM–2 PM,Closed,Closed
1036,9 AM–2 PM,9 AM–2 PM,9 AM–2 PM,9 AM–2 PM,9 AM–2 PM,Closed,Closed
1071,9 AM–2 PM,9 AM–2 PM,9 AM–2 PM,9 AM–2 PM,9 AM–2 PM,Closed,10 AM–12 PM
1080,9 AM–2 PM,9 AM–2 PM,11 AM–4 PM,9 AM–2 PM,9 AM–2 PM,Closed,10–11:30 AM
1375,9 AM–2 PM,Open 24 hours,9 AM–2 PM,9 AM–2 PM,9 AM–2 PM,Closed,9:30–11:45 AM
1515,9 AM–2 PM,9 AM–5:30 PM,9 AM–2 PM,3–5:30 PM,Closed,Closed,10:30 AM–1 PM
1526,9 AM–2 PM,9 AM–2 PM,9 AM–2 PM,9 AM–2 PM,9 AM–2 PM,9:30 AM–12:30 PM,Closed
199,9 AM–12:30 PM,9 AM–12:30 PM,9 AM–12:30 PM,9 AM–12:30 PM,Closed,Closed,9 AM–12:30 PM
523,9 AM–12:30 PM,"7 AM–3 PM, 5:30–8 PM","9 AM–3 PM, 6:30–8:30 PM","9 AM–3 PM, 6–8 PM","9 AM–5 PM, 6:30–8:30 PM",Closed,"8 AM–1 PM, 6–8 PM"
1540,9 AM–12:30 PM,9 AM–12:30 PM,9 AM–12:30 PM,9 AM–12:30 PM,9 AM–12:30 PM,9:30 AM–12 PM,Closed
255,9 AM–12:30 AM,9 AM–12:30 AM,9 AM–12:30 PM,9 AM–12:30 PM,Closed,Closed,10 AM–12:30 AM
14,9 AM–12 PM,9 AM–12 PM,9 AM–12 PM,9 AM–12 PM,9 AM–12 PM,Closed,8 AM–12 PM
16,9 AM–12 PM,Closed,Closed,9 AM–12 PM,9 AM–12 PM,Closed,9–11:30 AM
19,9 AM–12 PM,9 AM–12 PM,9 AM–12 PM,9 AM–12 PM,Closed,Closed,9–11 AM
120,9 AM–12 PM,9 AM–12 PM,9 AM–12 PM,9 AM–12 PM,Closed,Closed,8 AM–12 PM
195,9 AM–12 PM,9 AM–12 PM,9 AM–12 PM,9 AM–12 PM,9 AM–12 PM,Closed,8 AM–12 PM
214,9 AM–12 PM,9 AM–12 PM,9 AM–12 PM,9 AM–12 PM,9 AM–12 PM,Closed,10–11:30 AM
256,9 AM–12 PM,9 AM–12 PM,9 AM–12 PM,9 AM–12 PM,Closed,Closed,10 AM–12 PM
715,9 AM–12 PM,9 AM–12 PM,9 AM–12 PM,9 AM–12 PM,9 AM–12 PM,Closed,9–11 AM
862,9 AM–12 PM,9 AM–12 PM,9 AM–12 PM,9 AM–12 PM,9 AM–12 PM,Closed,10 AM–12 PM
1409,9 AM–12 PM,9 AM–12 PM,9 AM–12 PM,9 AM–12 PM,9 AM–12 PM,Closed,9 AM–12 PM
1442,9 AM–12 PM,9 AM–12 PM,9 AM–12 PM,9 AM–12 PM,Closed,Closed,9 AM–12 PM
49,9 AM–1 PM,9 AM–1 PM,9 AM–1 PM,9 AM–1 PM,9 AM–1 PM,1–3 PM,"8–11:30 AM, 1–3 PM"
208,9 AM–1 PM,9 AM–1 PM,9 AM–1 PM,9 AM–1 PM,9 AM–1 PM,Closed,9:30 AM–12 PM
215,9 AM–1 PM,9 AM–1 PM,9 AM–1 PM,9 AM–1 PM,9 AM–1 PM,Closed,9 AM–12 PM
243,9 AM–1 PM,9 AM–1 PM,9 AM–1 PM,9 AM–1 PM,9 AM–1 PM,Closed,"10 AM–12 PM, 7–8:30 PM"
262,9 AM–1 PM,9 AM–1 PM,9 AM–1 PM,9 AM–1 PM,Closed,Closed,10–11:30 AM
448,9 AM–1 PM,Closed,Closed,Closed,9 AM–1 PM,Closed,10:30 AM–12:30 PM
517,9 AM–1 PM,9 AM–1 PM,9 AM–1 PM,9 AM–1 PM,9 AM–1 PM,Closed,9 AM–12 PM
929,9 AM–1 PM,9 AM–1 PM,9 AM–1 PM,9 AM–1 PM,9 AM–1 PM,Closed,10–11:30 AM
960,9 AM–1 PM,Closed,9 AM–1 PM,9 AM–1 PM,Closed,Closed,9 AM–1 PM
1275,9 AM–1 PM,9 AM–1 PM,9 AM–1 PM,9 AM–1 PM,9 AM–1 PM,Closed,Closed
1483,9 AM–1 PM,9 AM–1 PM,9 AM–1 PM,9 AM–1 PM,9 AM–1 PM,Closed,10–11 AM
756,8:30–11:30 AM,8:30–11:30 AM,8:30–11:30 AM,8:30–11:30 AM,8:30–11:30 AM,Closed,Closed
692,8:30 AM–8:30 PM,8:30 AM–8:30 PM,8:30 AM–8:30 PM,3–8:30 PM,8:30 AM–8:30 PM,6:30–9:30 AM,7 AM–8 PM
251,8:30 AM–5 PM,8:30 AM–5 PM,8:30 AM–5 PM,8:30 AM–5 PM,8:30 AM–12 PM,Closed,"9–10:30 AM, 11 AM–12:30 PM"
1067,8:30 AM–5 PM,8:30 AM–5 PM,8:30 AM–5 PM,8:30 AM–5 PM,Closed,Closed,8 AM–1 PM
1144,8:30 AM–5 PM,8:30 AM–5 PM,8:30 AM–5 PM,8:30 AM–5 PM,8:30 AM–5 PM,9 AM–5 PM,9 AM–1:30 PM
1438,8:30 AM–5 PM,8:30 AM–5 PM,8:30 AM–5 PM,8:30 AM–5 PM,8:30 AM–12 PM,Closed,10–11:30 AM
1517,8:30 AM–5 PM,8:30 AM–5 PM,8:30 AM–5 PM,8:30 AM–5 PM,8:30 AM–5 PM,Closed,Closed
1552,8:30 AM–5 PM,8:30 AM–5 PM,8:30 AM–5 PM,8:30 AM–5 PM,8:30 AM–5 PM,Closed,Closed
246,8:30 AM–4:30 PM,8:30 AM–4:30 PM,8:30 AM–4:30 PM,8:30 AM–4:30 PM,8:30 AM–4:30 PM,Closed,10 AM–11:30 PM
324,8:30 AM–4:30 PM,8:30 AM–4:30 PM,8:30 AM–4:30 PM,8:30 AM–4:30 PM,8:30 AM–4:30 PM,Closed,"8–9 AM, 10–11:30 AM"
460,8:30 AM–4:30 PM,8:30 AM–4:30 PM,8:30 AM–4:30 PM,8:30 AM–4:30 PM,8:30 AM–4:30 PM,Closed,"10 AM–12 PM, 6–8 PM"
1331,8:30 AM–4:30 PM,9 AM–3 PM,8:30 AM–4:30 PM,8:30 AM–4:30 PM,8:30 AM–3 PM,Closed,8 AM–12 PM
386,8:30 AM–3 PM,8:30 AM–3 PM,8:30 AM–3 PM,8:30 AM–3 PM,8:30 AM–3 PM,8:30 AM–3 PM,9:30–11 AM
279,8:30 AM–1:30 PM,8:30 AM–1:30 PM,8:30 AM–1:30 PM,8:30 AM–1:30 PM,Closed,Closed,9 AM–12 PM
1380,8:30 AM–1:30 PM,8:30 AM–1:30 PM,8:30 AM–1:30 PM,8:30 AM–1:30 PM,8:30 AM–1:30 PM,Closed,9–11:45 AM
691,8:30 AM–1 PM,8:30 AM–1 PM,8:30 AM–1 PM,8:30 AM–1 PM,Closed,Closed,8:30 AM–1 PM
186,8–11 AM,8–11 AM,8–11 AM,8–11 AM,8–11 AM,8–11 AM,10 AM–1 PM
848,8–10:30 AM,10 AM–1 PM,Closed,10 AM–3 PM,10 AM–5 PM,Closed,8 AM–3 PM
227,8 AM–5 PM,8:30 AM–5 PM,8 AM–5 PM,8:30 AM–5 PM,Closed,Closed,10–11:30 AM
734,8 AM–5 PM,8 AM–5 PM,8 AM–5 PM,8 AM–5 PM,8 AM–1 PM,Closed,7:30 AM–1 AM
928,8 AM–5 PM,8 AM–5 PM,8 AM–5 PM,8 AM–5 PM,8 AM–5 PM,Closed,10 AM–1 PM
621,8 AM–4:30 PM,8 AM–4:30 PM,8 AM–4:30 PM,8 AM–4:30 PM,8 AM–4:30 PM,Closed,10–11:15 AM
886,8 AM–4 PM,8 AM–4 PM,8 AM–4 PM,8 AM–4 PM,8 AM–4 PM,8 AM–4 PM,8 AM–1 PM
1461,8 AM–3 PM,8 AM–3 PM,8 AM–3 PM,8 AM–3 PM,8 AM–12 PM,Closed,9:30–11 AM
438,8 AM–10 PM,8 AM–10 PM,8 AM–10 PM,8 AM–10 PM,8 AM–10 PM,8 AM–10 PM,8 AM–10 PM
1158,7:30 AM–7:15 PM,9 AM–8 PM,9 AM–9 PM,9 AM–10 PM,9 AM–11 PM,9 AM–2 AM,9 AM–2 AM
1385,7:30 AM–7:15 PM,9 AM–8 PM,9 AM–9 PM,9 AM–10 PM,9 AM–11 PM,9 AM–2 AM,9 AM–2 AM
349,7 AM–9 PM,7 AM–9 PM,7 AM–9 PM,7 AM–9 PM,7 AM–9 PM,7 AM–9 PM,7 AM–9 PM
1393,7 AM–10 PM,7 AM–10 PM,7 AM–10 PM,7 AM–10 PM,7 AM–10 PM,7 AM–10 PM,7 AM–10 PM
177,6:45 AM–7:30 PM,6:45 AM–6 PM,6:45 AM–6 PM,6:45 AM–6 PM,6:45 AM–6 PM,Closed,9 AM–12 PM
962,6:30–8:30 PM,6:30–8 PM,6:30–8 PM,6–8 PM,6–8 PM,9:30 AM–2:30 PM,Open 24 hours
708,6–8 PM,5–8 PM,5–6 PM,5–8 PM,5–6 PM,12 PM–8 AM,9 AM–8 PM
737,6–7 AM,6–7 AM,6–7 AM,6–7 AM,"6–7 AM, 9–10 PM",Closed,1–3:30 PM
617,"5–6:30 AM, 6:30–7:45 PM","5–6:30 AM, 6–7:45 PM","5–6:30 AM, 6–7:45 PM","5–6:30 AM, 6–7:45 PM","5–6:30 AM, 6–7:45 PM","5–6:30 AM, 6–9:30 PM",5 AM–9:30 PM
1119,12–5 PM,10 AM–5 PM,9 AM–5 PM,9 AM–5 PM,9 AM–5 PM,Closed,"10 AM–12 PM, 6:30–8:30 PM"
1505,12–3 PM,Closed,7:30–8:30 PM,12–3 PM,Closed,10 AM–12 PM,10–11 AM
788,12 AM–2 PM,Closed,6–7:30 PM,Closed,6–8 PM,Closed,9 PM–12 AM
50,10:03 AM–10 PM,10:03 AM–10 PM,10:03 AM–10 PM,10:03 AM–10 PM,10:03 AM–10 PM,10:03 AM–10 PM,10:03 AM–10 PM
683,10 AM–7 PM,10 AM–7 PM,10 AM–7 PM,10 AM–7 PM,10 AM–7 PM,Closed,9:30 AM–1 PM
299,10 AM–4 PM,9 AM–4 PM,9 AM–4 PM,9 AM–4 PM,Closed,Closed,8:30 AM–1:30 PM
1307,10 AM–4 PM,10 AM–4 PM,10 AM–4 PM,10 AM–4 PM,10 AM–4 PM,Closed,Closed
533,10 AM–3 PM,10 AM–3 PM,10 AM–3 PM,10 AM–3 PM,10 AM–3 PM,Closed,9 AM–12:30 PM
260,10 AM–2 PM,10 AM–2 PM,10 AM–2 PM,10 AM–2 PM,10 AM–2 PM,Closed,10 AM–12:30 PM
317,10 AM–2 PM,10 AM–2 PM,10 AM–2 PM,10 AM–2 PM,10 AM–2 PM,Closed,10 AM–2 PM
318,10 AM–12 PM,9 AM–12 PM,9 AM–12 PM,9 AM–12 PM,9 AM–12 PM,Closed,10 AM–1 PM
675,10 AM–12 PM,10 AM–12 PM,10 AM–2 PM,9 AM–12:30 PM,10 AM–2 PM,Closed,10–11:30 AM
746,10 AM–12 PM,10 AM–12 PM,10 AM–12 PM,10 AM–12 PM,10 AM–12 PM,Closed,10 AM–12 PM
87,10 AM–1:30 PM,10 AM–1:30 PM,10 AM–1:30 PM,10 AM–1:30 PM,10 AM–1:30 PM,Closed,8 AM–12 PM
1100,10 AM–1 PM,10 AM–1 PM,10 AM–1 PM,10 AM–1 PM,Closed,Closed,10:30 AM–12 PM
1091,1–5 PM,1–5 PM,9 AM–5 PM,9 AM–5 PM,5–9 PM,Closed,10 AM–12 AM