placeUrl,title,rating,reviewCount,category,address,plusCode,website,phoneNumber,currentStatus,imgUrl,isClaimed,latitude,longitude,query,timestamp,tuesday,wednesday,thursday,friday,saturday,sunday,monday,attributes,info
https://www.google.com/maps/place/Mairangi+Bay+Community+Church/data=!4m7!3m6!1s0x6d0d3a3b550290a9:0x793e4b9c57aeb265!8m2!3d-36.7416217!4d174.7470204!16s%2Fg%2F1tjpqpfw!19sChIJqZACVTs6DW0RZbKuV5xLPnk,Mairangi Bay Community Church,4.9,22,Church,"49 Maxwelton Drive, Mairangi Bay, North Shore City 0630, New Zealand","7P5W+9R Mairangi Bay, Auckland, New Zealand",http://www.mairangichurch.org/,+64 9 478 6314,,https://lh5.googleusercontent.com/p/AF1QipOb285RDPktSmQJyfa0nUKTBBC4rPkECd23L7n6=w408-h544-k-no,false,-36.7415625,174.74706250000003,"https://www.google.com/maps/search/churches+near+North+Island,+New+Zealand/@-38.4231251,174.681506,7.5z/data=!4m2!2m1!6e1",2023-04-11T00:00:44.230Z,,,,,,,,,
https://www.google.com/maps/place/Church+Northwest/data=!4m7!3m6!1s0x6d0d3f64eb7b3b51:0xa81469cde7bc66f3!8m2!3d-36.7883223!4d174.6675088!16s%2Fg%2F11ft2y_xc8!19sChIJUTt762Q_DW0R82a8581pFKg,Church Northwest,5.0,3,Church,"Sunderland Lounge Cnr Cinema Rd &, Cutty Sark Road, Hobsonville, Auckland 0616, New Zealand","6M69+M2 Auckland, New Zealand",http://churchnorthwest.nz/,,Closed today,https://lh5.googleusercontent.com/p/AF1QipMVfVC6JQ7dzXIrUg-e7PkbrZ_i21BNy6XLUBPp=w408-h272-k-no,true,-36.7883125,174.66756249999997,"https://www.google.com/maps/search/churches+near+North+Island,+New+Zealand/@-38.4231251,174.681506,7.5z/data=!4m2!2m1!6e1",2023-04-11T00:00:48.680Z,Closed,Closed,Closed,Closed,Closed,10–11:30 AM,Closed,,
https://www.google.com/maps/place/Northcross+Church/data=!4m7!3m6!1s0x6d0d3bafd58e6377:0x7950c8309d928b27!8m2!3d-36.7187006!4d174.7228091!16s%2Fg%2F1tglhhl1!19sChIJd2OO1a87DW0RJ4uSnTDIUHk,Northcross Church,4.6,55,Church,"826a East Coast Road, Oteha, Auckland 0630, New Zealand","7PJF+G4 Auckland, New Zealand",http://northcross.org.nz/,+64 9 478 9549,Open now,https://lh5.googleusercontent.com/p/AF1QipNPy8n6kqG9Dqugun-tkWPU88oKLNDJxSiWBWxt=w408-h306-k-no,true,-36.7186875,174.72281249999997,"https://www.google.com/maps/search/churches+near+North+Island,+New+Zealand/@-38.4231251,174.681506,7.5z/data=!4m2!2m1!6e1",2023-04-11T00:00:54.338Z,9 AM–5 PM,9 AM–5 PM,9 AM–5 PM,9 AM–5 PM,Closed,"10 AM–12 PM, 5:30–7 PM",9 AM–5 PM,,
https://www.google.com/maps/place/North+Shore+Church+of+Christ/data=!4m7!3m6!1s0x6d0d38ede7b06627:0x867327a7fc2dafac!8m2!3d-36.7798963!4d174.7286588!16s%2Fg%2F1w0h7pnw!19sChIJJ2aw5-04DW0RrK8t_Kcnc4Y,North Shore Church of Christ,5.0,3,Church of Christ,"82 Chartwell Avenue, Glenfield, Auckland 0629, New Zealand","6PCH+2F Auckland, New Zealand",http://www.nscoc.com/,+64 9 480 8418,Open now,https://lh5.googleusercontent.com/p/AF1QipMfG2Y2QoF7iUbNNg_SDK6laI75gz85I6GrYRo5=w408-h306-k-no,false,-36.779937499999996,174.72868749999998,"https://www.google.com/maps/search/churches+near+North+Island,+New+Zealand/@-38.4231251,174.681506,7.5z/data=!4m2!2m1!6e1",2023-04-11T00:00:58.460Z,9 AM–8 PM,9 AM–9 PM,9 AM–10 PM,9 AM–11 PM,9 AM–2 AM,9 AM–2 AM,7:30 AM–7:15 PM,,
https://www.google.com/maps/place/Morningside+Church+Of+Christ/data=!4m7!3m6!1s0x6d0d47ab77d612cb:0xc36584ef7c8aa200!8m2!3d-36.8780892!4d174.7359848!16s%2Fg%2F11c2rdz8x5!19sChIJyxLWd6tHDW0RAKKKfO-EZcM,Morningside Church Of Christ,4.4,14,Church of Christ,"42 Leslie Avenue, Sandringham, Auckland 1025, New Zealand","4PCP+Q9 Auckland, New Zealand",http://www.morningsidechurchofchrist.org.nz/,+64 84 92647,,https://lh5.googleusercontent.com/p/AF1QipODPSd17PZZbdsGgGIlQPKUwnDmRdvDvrYQAtq5=w408-h306-k-no,false,-36.8780625,174.73593750000003,"https://www.google.com/maps/search/churches+near+North+Island,+New+Zealand/@-38.4231251,174.681506,7.5z/data=!4m2!2m1!6e1",2023-04-11T00:01:02.621Z,,,,,,,,,
https://www.google.com/maps/place/St+John%27s+Community+Church/data=!4m7!3m6!1s0x6d730e9dacaced4d:0xe1758f044a8a497b!8m2!3d-36.2677838!4d175.4920225!16s%2Fg%2F11f10ftll_!19sChIJTe2srJ0Oc20Re0mKSgSPdeE,St John's Community Church,,,Christian church,"560 Medland Road, Great Barrier Island / Aotea 0991, New Zealand","PFJR+VR Great Barrier Island / Aotea, New Zealand",,+64 9 942 0323,,https://streetviewpixels-pa.googleapis.com/v1/thumbnail?panoid=OeriJh6Uvbfmq93Mk8CMoQ&cb_client=search.gws-prod.gps&w=408&h=240&yaw=14.411397&pitch=0&thumbfov=100,false,-36.2678125,175.49206250000003,"https://www.google.com/maps/search/churches+near+North+Island,+New+Zealand/@-38.4231251,174.681506,7.5z/data=!4m2!2m1!6e1",2023-04-11T00:01:06.797Z,,,,,,,,,
https://www.google.com/maps/place/Gospel+Light+Bible+Baptist+Church/data=!4m7!3m6!1s0x6d0d4980edebebb1:0x5c72a83abc597e39!8m2!3d-36.8981724!4d174.8105777!16s%2Fg%2F11pc2w4_kw!19sChIJsevr7YBJDW0ROX5ZvDqoclw,Gospel Light Bible Baptist Church,,,Religious organization,"134 Main Highway, Ellerslie, Auckland 1051, New Zealand","4R26+P6 Auckland, New Zealand",http://www.gospellightbbc.org.nz/,+64 21 125 3446,Closed today,https://lh5.googleusercontent.com/p/AF1QipMikyachC2bSVFqs1oIJgOTUkum4SAlUyeh3LDs=w800-h240-k-no,true,-36.8981875,174.8105625,"https://www.google.com/maps/search/churches+near+North+Island,+New+Zealand/@-38.4231251,174.681506,7.5z/data=!4m2!2m1!6e1",2023-04-11T00:01:11.088Z,Closed,7–9 PM,Closed,Closed,Closed,9 AM–6:30 PM,Closed,,
https://www.google.com/maps/place/Rangiatea+Church/data=!4m7!3m6!1s0x6d4090e5f46e8395:0xd1663b5612079a42!8m2!3d-40.7500076!4d175.1375122!16s%2Fm%2F0k3p7qr!19sChIJlYNu9OWQQG0RQpoHElY7ZtE,Rangiatea Church,4.8,30,Church,"33 Te Rauparaha Street, Ōtaki 5512, New Zealand","64XQ+X2 Ōtaki, New Zealand",,+64 6 364 6838,Open now,https://lh5.googleusercontent.com/p/AF1QipOvhdaT9gm2E2TiG8DBPJmjhtxaiolpJ0IPexHr=w408-h272-k-no,false,-40.7500625,175.13756250000006,"https://www.google.com/maps/search/churches+near+North+Island,+New+Zealand/@-38.4231251,174.681506,7.5z/data=!4m2!2m1!6e1",2023-04-11T00:01:15.527Z,9:30 AM–1:30 PM,9:30 AM–1:30 PM,9:30 AM–1:30 PM,9:30 AM–1:30 PM,Closed,9–10:30 AM,9:30 AM–1:30 PM,,
"https://www.google.com/maps/place/Grey+Lynn+Presbyterian+Church.+Tokelau,Tuvalu,+Samoa/data=!4m7!3m6!1s0x6d0d47a4418cfb43:0x25e445e8f1f0aa08!8m2!3d-36.8662104!4d174.7383819!16s%2Fg%2F11gdrs297f!19sChIJQ_uMQaRHDW0RCKrw8ehF5CU","Grey Lynn Presbyterian Church. Tokelau,Tuvalu, Samoa",5.0,7,Presbyterian church,"487 Great North Road, Grey Lynn, Auckland 1021, New Zealand","4PMQ+G9 Auckland, New Zealand",,+64 9 376 6001,,https://lh5.googleusercontent.com/p/AF1QipNgllyhlrVudlPPV0aoi3F-aDWC_ZkGs4UqSkXk=w408-h544-k-no,false,-36.8661875,174.73843750000003,"https://www.google.com/maps/search/churches+near+North+Island,+New+Zealand/@-38.4231251,174.681506,7.5z/data=!4m2!2m1!6e1",2023-04-11T00:01:21.360Z,,,,,,,,,
"https://www.google.com/maps/place/LINK+VINEYARD+CHURCH/@-36.914131,174.6793069,17z/data=!3m1!4b1!4m6!3m5!1s0x6d0d410716d784ef:0x82afed1476bfd2e1!8m2!3d-36.914131!4d174.6793069!16s%2Fg%2F11h1s3qh76",LINK VINEYARD CHURCH,,,Church,"2A Seabrook Avenue, New Lynn, Auckland 0600, New Zealand","3MPH+8P Auckland, New Zealand",,,Closed today,,false,-36.91418750000001,174.67931249999998,"https://www.google.com/maps/search/churches+near+North+Island,+New+Zealand/@-38.4231251,174.681506,7.5z/data=!4m2!2m1!6e1",2023-04-11T00:01:28.136Z,Closed,Closed,Closed,Closed,Closed,10 AM–12 PM,Closed,,
"https://www.google.com/maps/place/Iglesia+Ni+Cristo+-+Taupo,+New+Zealand/@-38.7200813,176.0876079,17z/data=!3m1!4b1!4m6!3m5!1s0x6d6bf0ba1e34f325:0xf3ad5037bd883818!8m2!3d-38.7200813!4d176.0876079!16s%2Fg%2F11g8ycn5gf","Iglesia Ni Cristo - Taupo, New Zealand",,,Church of Christ,"Waiora House Community Hall, 129 Spa Rd, Taupō 3330, New Zealand","73HQ+X2 Taupō, New Zealand",http://iglesianicristo.net/,+64 7 378 9240,,,false,-38.7200625,176.08756250000005,"https://www.google.com/maps/search/churches+near+North+Island,+New+Zealand/@-38.4231251,174.681506,7.5z/data=!4m2!2m1!6e1",2023-04-11T00:01:34.176Z,,,,,,,,,
"https://www.google.com/maps/place/Christ+Church,+Russell/data=!4m7!3m6!1s0x6d0ba56832e8c387:0xb02faae927947f34!8m2!3d-35.2630282!4d174.1234655!16s%2Fg%2F11clgkcx3w!19sChIJh8PoMmilC20RNH-UJ-mqL7A","Christ Church, Russell",4.7,119,Anglican church,"1 Church Street, Russell 0202, New Zealand","P4PF+Q9 Russell, New Zealand",,+64 27 206 0981,Closed today,https://lh5.googleusercontent.com/p/AF1QipO_o5Hu72IaXaB-nivbbAQUEo-gImT2XHwhQyb6=w426-h240-k-no,false,-35.263062500000004,174.12343750000002,"https://www.google.com/maps/search/churches+near+North+Island,+New+Zealand/@-38.4231251,174.681506,7.5z/data=!4m2!2m1!6e1",2023-04-11T00:01:38.637Z,Closed,Closed,Closed,Closed,Closed,10:30 AM–12 PM,Closed,,
https://www.google.com/maps/place/C3+Church/data=!4m7!3m6!1s0x6d0d48e19cfa9713:0xdcb5c830c3ec20ea!8m2!3d-36.9010111!4d174.8126702!16s%2Fg%2F1tdc9_8n!19sChIJE5f6nOFIDW0R6iDswzDItdw,C3 Church,4.6,48,Christian church,"20 Cawley Street, Ellerslie, Auckland 1051, New Zealand","3RX7+H3 Auckland, New Zealand",http://www.c3church.org.nz/,+64 9 579 1716,Open now,https://lh5.googleusercontent.com/p/AF1QipO44GK9lJs6acmGx5uud95C_SJkw8jG31sGk3bM=w426-h240-k-no,true,-36.9010625,174.81268750000004,"https://www.google.com/maps/search/churches+near+North+Island,+New+Zealand/@-38.4231251,174.681506,7.5z/data=!4m2!2m1!6e1",2023-04-11T00:01:43.100Z,8:30 AM–4:30 PM,8:30 AM–4:30 PM,8:30 AM–4:30 PM,8:30 AM–4:30 PM,Closed,"10 AM–12 PM, 6–8 PM",8:30 AM–4:30 PM,,
https://www.google.com/maps/place/Northgate+Baptist+Church/data=!4m7!3m6!1s0x6d0d230b264b94ab:0x9fdc174d4716e5b7!8m2!3d-36.622701!4d174.6680828!16s%2Fg%2F11fzbvskrn!19sChIJq5RLJgsjDW0Rt-UWR00X3J8,Northgate Baptist Church,4.7,20,Church,"6 Hibiscus Coast Highway, Silverdale 0993, New Zealand","9MG9+W6 Silverdale, New Zealand",http://www.northgate.org.nz/,+64 800 400 923,Closed,https://streetviewpixels-pa.googleapis.com/v1/thumbnail?panoid=TpFdvxGrDGhOPPR9LzAEZg&cb_client=search.gws-prod.gps&w=408&h=240&yaw=0.8440175&pitch=0&thumbfov=100,true,-36.622687500000005,174.66806249999996,"https://www.google.com/maps/search/churches+near+North+Island,+New+Zealand/@-38.4231251,174.681506,7.5z/data=!4m2!2m1!6e1",2023-04-11T00:01:47.115Z,10 AM–12 PM,10 AM–12 PM,10 AM–12 PM,10 AM–12 PM,Closed,10–11:30 AM,10 AM–12 PM,,
https://www.google.com/maps/place/St+John+The+Baptist+Anglican+Church/data=!4m7!3m6!1s0x6d0bc6ce8a94d897:0xfe25a53a2f8904b9!8m2!3d-35.3165823!4d173.8749961!16s%2Fg%2F1ptygltm9!19sChIJl9iUis7GC20RuQSJLzqlJf4,St John The Baptist Anglican Church,4.3,3,Anglican church,"344 Te Ahu Ahu Road, Waimate North 0472, New Zealand","MVMF+9X Waimate North, New Zealand",https://waimatenorthparish.org.nz/,+64 9 403 7481,,https://lh5.googleusercontent.com/p/AF1QipNaMjLWUWwRCrKYnUSuoYEz7eOf8sAm5dZjkhjY=w408-h306-k-no,false,-35.3165625,173.8749375,"https://www.google.com/maps/search/churches+near+North+Island,+New+Zealand/@-38.4231251,174.681506,7.5z/data=!4m2!2m1!6e1",2023-04-11T00:01:51.165Z,,,,,,,,,
https://www.google.com/maps/place/Church+of+Christ+New+Zealand/data=!4m7!3m6!1s0x6d6dda8be59aa293:0x75126c7c2079416d!8m2!3d-37.7289306!4d176.1302331!16s%2Fg%2F1tff36v1!19sChIJk6Ka5YvabW0RbUF5IHxsEnU,Church of Christ New Zealand,3.5,2,Church,"1400 Cameron Road, Greerton, Tauranga 3112, New Zealand","74CJ+C3 Tauranga, New Zealand",https://church-of-christ.org/cb-profile/userslist/141-new-zealand.html,+64 7 541 0388,,https://streetviewpixels-pa.googleapis.com/v1/thumbnail?panoid=7XByMmXmMKaTAho7_JblQQ&cb_client=search.gws-prod.gps&w=408&h=240&yaw=142.09343&pitch=0&thumbfov=100,false,-37.7289375,176.13018750000003,"https://www.google.com/maps/search/churches+near+North+Island,+New+Zealand/@-38.4231251,174.681506,7.5z/data=!4m2!2m1!6e1",2023-04-11T00:01:55.466Z,,,,,,,,,
https://www.google.com/maps/place/Windsor+Park+Baptist+Church/data=!4m7!3m6!1s0x6d0d3a3044635b7f:0x49344ea09c0d49bf!8m2!3d-36.7393628!4d174.7402604!16s%2Fg%2F1thxwdg0!19sChIJf1tjRDA6DW0Rv0kNnKBONEk,Windsor Park Baptist Church,4.5,100,Baptist church,"550 East Coast Road, Mairangi Bay, Auckland 0732, New Zealand","7P6R+74 Auckland, New Zealand",http://www.windsorpark.org.nz/,+64 9 477 0002,Open now,https://lh5.googleusercontent.com/p/AF1QipMq0fvF3qvIUyNDtn5Du7X_u_cAW8VUfrkhHtG-=w408-h271-k-no,true,-36.739312500000004,174.74031250000002,"https://www.google.com/maps/search/churches+near+North+Island,+New+Zealand/@-38.4231251,174.681506,7.5z/data=!4m2!2m1!6e1",2023-04-11T00:02:00.357Z,9 AM–3 PM,9 AM–3 PM,9 AM–3 PM,9 AM–3 PM,Closed,9:30–11 AM,9 AM–3 PM,,
"https://www.google.com/maps/place/Baptist+Churches+of+New+Zealand/@-36.904678,174.8087943,17z/data=!3m1!4b1!4m6!3m5!1s0x6d0d48de4fa8bf5b:0xb5584486760b6d3!8m2!3d-36.904678!4d174.8087943!16s%2Fg%2F1tgh7rkh",Baptist Churches of New Zealand,,2,Baptist church,"Penrose, Auckland 1061, New Zealand","3RW5+4G Auckland, New Zealand",https://www.baptist.org.nz/,+64 9 526 0333,,,false,-36.9046875,174.80881250000004,"https://www.google.com/maps/search/churches+near+North+Island,+New+Zealand/@-38.4231251,174.681506,7.5z/data=!4m2!2m1!6e1",2023-04-11T00:02:06.432Z,,,,,,,,,
https://www.google.com/maps/place/St+Pauls+M%C4%81ori+Anglican+Church/data=!4m7!3m6!1s0x6d72f9c85b202045:0xbce741bad2b34ac8!8m2!3d-36.6735526!4d175.550051!16s%2Fg%2F11pz8pn7r2!19sChIJRSAgW8j5cm0RyEqz0rpB57w,St Pauls Māori Anglican Church,4.0,1,Church,"1361 Kennedy Bay Road, Kennedy Bay 3583, New Zealand","8HG2+H2 Kennedy Bay, New Zealand",,+64 22 370 5991,Closed today,https://streetviewpixels-pa.googleapis.com/v1/thumbnail?panoid=BQm8oy4DqIUfqcDEFlmEFA&cb_client=search.gws-prod.gps&w=408&h=240&yaw=290.69083&pitch=0&thumbfov=100,false,-36.6735625,175.55006250000002,"https://www.google.com/maps/search/churches+near+North+Island,+New+Zealand/@-38.4231251,174.681506,7.5z/data=!4m2!2m1!6e1",2023-04-11T00:02:10.654Z,Closed,Closed,Closed,Closed,Closed,11 AM–12 PM,Closed,,
https://www.google.com/maps/place/Holy+Trinity/data=!4m7!3m6!1s0x6d0d37c516b0f2a3:0xb88e99559dd81362!8m2!3d-36.8276548!4d174.8028344!16s%2Fg%2F1td8z9fk!19sChIJo_KwFsU3DW0RYhPYnVWZjrg,Holy Trinity,4.6,32,Anglican church,"20 Church Street, Devonport, Auckland 0624, New Zealand","5RC3+W4 Auckland, New Zealand",http://www.holytrinity.gen.nz/,+64 9 445 0378,,https://lh5.googleusercontent.com/p/AF1QipMJLmI16etlrVegEsUeN-ybDLES2_LYAeryKYIV=w408-h330-k-no,false,-36.8276875,174.80281250000002,"https://www.google.com/maps/search/churches+near+North+Island,+New+Zealand/@-38.4231251,174.681506,7.5z/data=!4m2!2m1!6e1",2023-04-11T00:02:14.892Z,,,,,,,,,
https://www.google.com/maps/place/Minniesdale+Chapel/data=!4m7!3m6!1s0x6d0cfa8659532e15:0x740fa8ba9bd04dc!8m2!3d-36.3140186!4d174.3996421!16s%2Fg%2F11ckkyrndk!19sChIJFS5TWYb6DG0R3AS9qYv6QAc,Minniesdale Chapel,4.7,23,Church,"59 Shegadeen Road, Wharehine 0973, New Zealand","M9PX+9V Wharehine, New Zealand",http://www.minniesdale.com/,+64 210 273 0781,,https://lh5.googleusercontent.com/p/AF1QipNPP9YqsM_N-80XXViWZwSXLuvieXsl0G8gSMCo=w408-h306-k-no,false,-36.314062500000006,174.39968750000003,"https://www.google.com/maps/search/churches+near+North+Island,+New+Zealand/@-38.4231251,174.681506,7.5z/data=!4m2!2m1!6e1",2023-04-11T00:02:18.857Z,,,,,,,,,
https://www.google.com/maps/place/Gracecity+Church/data=!4m7!3m6!1s0x6d0d49e7d5088e49:0x824d357982545950!8m2!3d-36.8882064!4d174.7942199!16s%2Fg%2F11mhymmvbw!19sChIJSY4I1edJDW0RUFlUgnk1TYI,Gracecity Church,5.0,20,Church,"17 Marewa Road, Greenlane, Auckland 1051, New Zealand","4Q6V+PM Auckland, New Zealand",http://www.gracecity.nz/,+64 9 274 4242,Open now,https://lh5.googleusercontent.com/p/AF1QipNRQGvRgu-NuH5QivvZe9sPu6dtEDwey21Ytkew=w523-h240-k-no,false,-36.8881875,174.79418750000002,"https://www.google.com/maps/search/churches+near+North+Island,+New+Zealand/@-38.4231251,174.681506,7.5z/data=!4m2!2m1!6e1",2023-04-11T00:02:24.033Z,9 AM–4 PM,9 AM–4 PM,9 AM–4 PM,9 AM–4 PM,Closed,Closed,9 AM–4 PM,,
https://www.google.com/maps/place/Baptist+Churches+Of+New+Zealand/data=!4m7!3m6!1s0x6d0d521a4a2d515f:0xbcbf47e894b30b5c!8m2!3d-37.0296176!4d174.8649024!16s%2Fg%2F1vqmjk77!19sChIJX1EtShpSDW0RXAuzlOhHv7w,Baptist Churches Of New Zealand,4.5,4,Baptist church,"83 Maplesden Drive, Clendon Park, Auckland 2103, New Zealand","XVC7+5X Auckland, New Zealand",https://www.baptist.org.nz/,+64 9 266 0209,,https://streetviewpixels-pa.googleapis.com/v1/thumbnail?panoid=yX8Qzh1utLNL98DLSIINZQ&cb_client=search.gws-prod.gps&w=408&h=240&yaw=45.400284&pitch=0&thumbfov=100,false,-37.0295625,174.8649375,"https://www.google.com/maps/search/churches+near+North+Island,+New+Zealand/@-38.4231251,174.681506,7.5z/data=!4m2!2m1!6e1",2023-04-11T00:02:28.262Z,,,,,,,,,
https://www.google.com/maps/place/The+Church+of+Jesus+Christ+of+Latter-day+Saints/data=!4m7!3m6!1s0x6d0b8e76a2b30aed:0x9e862e434ee48b49!8m2!3d-35.6203356!4d174.0190946!16s%2Fg%2F11b6hzvvzs!19sChIJ7QqzonaOC20RSYvkTkMuhp4,The Church of Jesus Christ of Latter-day Saints,5.0,2,Christian church,"3242 Pipiwai Road, Te Horo, Northland 0478, New Zealand","92H9+VJ Pipiwai, New Zealand",https://local.churchofjesuschrist.org/nz/te-horo/3242-pipiwai-road?y_source=1_MzAwNjIyODQtNzE1LWxvY2F0aW9uLndlYnNpdGU%3D,+64 21 854 906,Closed today,https://streetviewpixels-pa.googleapis.com/v1/thumbnail?panoid=-rlvtbEDQ4E2QCAtiCCWpw&cb_client=search.gws-prod.gps&w=408&h=240&yaw=62.32572&pitch=0&thumbfov=100,true,-35.6203125,174.01906250000002,"https://www.google.com/maps/search/churches+near+North+Island,+New+Zealand/@-38.4231251,174.681506,7.5z/data=!4m2!2m1!6e1",2023-04-11T00:02:32.250Z,Closed,Closed,Closed,Closed,Closed,10 AM–12 PM,Closed,,
"https://www.google.com/maps/place/St+John+the+Evangelist/@-41.1702337,175.982142,17z/data=!3m1!4b1!4m6!3m5!1s0x6d414ba7faa4f61b:0x62c541e8c0c6c5ed!8m2!3d-41.1702337!4d175.982142!16s%2Fg%2F11c67w61s7",St John the Evangelist,,,Anglican church,"2730 Homewood Road, Homewood 5872, New Zealand","RXHJ+WV Homewood, New Zealand",,,,,false,-41.170187500000004,175.98218749999995,"https://www.google.com/maps/search/churches+near+North+Island,+New+Zealand/@-38.4231251,174.681506,7.5z/data=!4m2!2m1!6e1",2023-04-11T00:02:38.386Z,,,,,,,,,
https://www.google.com/maps/place/St+John+the+Baptist+Catholic+Church/data=!4m7!3m6!1s0x6d0d480e91cbc425:0x541e68c58463b2ca!8m2!3d-36.855047!4d174.7803969!16s%2Fg%2F11b6yjy5p8!19sChIJJcTLkQ5IDW0RyrJjhMVoHlQ,St John the Baptist Catholic Church,4.8,66,Catholic church,"212 Parnell Road, Parnell, Auckland 1052, New Zealand","4QVJ+X5 Auckland, New Zealand",http://www.parnellcatholic.org.nz/,+64 9 373 3132,Open now,https://lh5.googleusercontent.com/p/AF1QipNkR0cNMjdECkdPoqCq-iImY8QW4sda8v-lN18K=w408-h905-k-no,false,-36.8550625,174.7804375,"https://www.google.com/maps/search/churches+near+North+Island,+New+Zealand/@-38.4231251,174.681506,7.5z/data=!4m2!2m1!6e1",2023-04-11T00:02:42.789Z,8 AM–8:30 PM,8 AM–8:30 PM,8 AM–8:30 PM,8 AM–8:30 PM,"9–9:30 AM, 5–6 PM","7–8 AM, 9:30–10:30 AM",12:10–12:40 PM,,
https://www.google.com/maps/place/St.+John%27s+Anglican+Church/data=!4m7!3m6!1s0x6d402fb24f197ccf:0x95fe32f5e2cc77c6!8m2!3d-40.0298559!4d175.4762747!16s%2Fg%2F11b6fkcxl9!19sChIJz3wZT7IvQG0RxnfM4vUy_pU,St. John's Anglican Church,4.5,2,Anglican church,"Porewa Road, Marton 4787, New Zealand","XFCG+3G Marton, New Zealand",https://www.anglican.org.nz/,,,https://lh5.googleusercontent.com/p/AF1QipO8dJk8ZY-xoZ0h1PfBK2oZQeZFZgzC0bhYpDVK=w408-h271-k-no,false,-40.0298125,175.4763125,"https://www.google.com/maps/search/churches+near+North+Island,+New+Zealand/@-38.4231251,174.681506,7.5z/data=!4m2!2m1!6e1",2023-04-11T00:02:47.692Z,,,,,,,,,
https://www.google.com/maps/place/St+Mary%27s+Church/data=!4m7!3m6!1s0x6d64edf857a93caf:0x6361e10afec39b4c!8m2!3d-37.7959417!4d178.4090151!16s%2Fg%2F11g6q30jt6!19sChIJrzypV_jtZG0RTJvD_grhYWM,St Mary's Church,4.7,77,Church,"1889 Te Araroa Road, Tikitiki 4086, New Zealand","6C35+JJ Tikitiki, New Zealand",https://nzhistory.govt.nz/media/photo/tikitiki-church-war-memorial,,,https://lh5.googleusercontent.com/p/AF1QipOACkjG-l8njhQOqORMvRXNGvttwodSkhQXY5q0=w408-h306-k-no,false,-37.7959375,178.4090625,"https://www.google.com/maps/search/churches+near+North+Island,+New+Zealand/@-38.4231251,174.681506,7.5z/data=!4m2!2m1!6e1",2023-04-11T00:02:51.755Z,,,,,,,,,
https://www.google.com/maps/place/Wellington+Church+of+Christ/data=!4m7!3m6!1s0x6d38b0272ee89093:0xccc210101449d54d!8m2!3d-41.2972941!4d174.7711438!16s%2Fg%2F1v41_ndm!19sChIJk5DoLiewOG0RTdVJFBAQwsw,Wellington Church of Christ,4.7,15,Church of Christ,"95 Webb Street, Mount Cook, Wellington 6011, New Zealand","PQ3C+3F Wellington, New Zealand",http://www.wellingtoncoc.com/,+64 4 384 8284,,https://lh5.googleusercontent.com/p/AF1QipMgY378tNJY1FwqFojhIIpHZ8e8IZfHZ6JL255N=w408-h347-k-no,true,-41.297312500000004,174.7711875,"https://www.google.com/maps/search/churches+near+North+Island,+New+Zealand/@-38.4231251,174.681506,7.5z/data=!4m2!2m1!6e1",2023-04-11T00:02:56.046Z,,,,,,,,,
https://www.google.com/maps/place/Maria+Stavkirke/data=!4m7!3m6!1s0x6d41f987e5ff4d39:0xf6a586869648cb2c!8m2!3d-40.0709959!4d176.2151869!16s%2Fg%2F11gmwm0mzh!19sChIJOU3_5Yf5QW0RLMtIloaGpfY,Maria Stavkirke,,,Christian church,"4237641, 4974, New Zealand","W6H8+J3 Norsewood, New Zealand",,,,https://streetviewpixels-pa.googleapis.com/v1/thumbnail?panoid=OFA2obPIvGDmpyRozRv_Rw&cb_client=search.gws-prod.gps&w=408&h=240&yaw=262.4802&pitch=0&thumbfov=100,false,-40.0709375,176.2151875,"https://www.google.com/maps/search/churches+near+North+Island,+New+Zealand/@-38.4231251,174.681506,7.5z/data=!4m2!2m1!6e1",2023-04-11T00:03:00.943Z,,,,,,,,,
https://www.google.com/maps/place/St+John%E2%80%99s+Anglican+Church/data=!4m7!3m6!1s0x6d682fac86cfdb8b:0x25584a02402b853b!8m2!3d-39.8039881!4d176.9845942!16s%2Fg%2F11rgdp423h!19sChIJi9vPhqwvaG0RO4UrQAJKWCU,St John’s Anglican Church,,,Church,"Waimārama 4294, New Zealand","5XWM+CR Waimārama, New Zealand",,,,https://lh5.googleusercontent.com/p/AF1QipNbnYMRYr409m1hKJVZK143ShjMZBXkradNJmqT=w408-h306-k-no,false,-39.8039375,176.98456250000004,"https://www.google.com/maps/search/churches+near+North+Island,+New+Zealand/@-38.4231251,174.681506,7.5z/data=!4m2!2m1!6e1",2023-04-11T00:03:05.900Z,,,,,,,,,
https://www.google.com/maps/place/Christ+Church/data=!4m7!3m6!1s0x6d69dc67da9dc21f:0xb1acf8fb138b9964!8m2!3d-39.8192405!4d176.6429389!16s%2Fg%2F1hhj5d7c9!19sChIJH8Kd2mfcaW0RZJmLE_v4rLE,Christ Church,4.4,9,Anglican church,"Pukehou, State Highway 2, Te Hauke 4174, New Zealand","5JJV+85 Te Hauke, New Zealand",,,,https://lh5.googleusercontent.com/p/AF1QipOUj5pP_ZmBCWYyWvfEeBdMLq7gZREaFgN4YxQ4=w408-h272-k-no,false,-39.819187500000005,176.64293750000007,"https://www.google.com/maps/search/churches+near+North+Island,+New+Zealand/@-38.4231251,174.681506,7.5z/data=!4m2!2m1!6e1",2023-04-11T00:03:10.938Z,,,,,,,,,
https://www.google.com/maps/place/St+James+Anglican+Church/data=!4m7!3m6!1s0x6d0bb7f0c7aa3975:0xe7f8ecbdb6ab73fa!8m2!3d-35.218216!4d173.961456!16s%2Fm%2F0gh8v46!19sChIJdTmqx_C3C20R-nOrtr3s-Oc,St James Anglican Church,4.8,19,Anglican church,"209 Kerikeri Road, Kerikeri 0230, New Zealand","QXJ6+PH Kerikeri, New Zealand",http://www.stjameskk.org.nz/,+64 9 407 1486,,https://lh5.googleusercontent.com/p/AF1QipNfyZfX5i11Even2VN1VSZKhA2bsRrC9S5cvptJ=w420-h240-k-no,false,-35.2181875,173.9614375,"https://www.google.com/maps/search/churches+near+North+Island,+New+Zealand/@-38.4231251,174.681506,7.5z/data=!4m2!2m1!6e1",2023-04-11T00:03:16.012Z,,,,,,,,,
https://www.google.com/maps/place/The+Church+of+Jesus+Christ+of+Latter-day+Saints/data=!4m7!3m6!1s0x6d0945dbec3ee293:0x77706e5d3a660520!8m2!3d-35.496657!4d173.40978!16s%2Fg%2F11pz1bj6y8!19sChIJk-I-7NtFCW0RIAVmOl1ucHc,The Church of Jesus Christ of Latter-day Saints,,,Christian church,"179 State Highway 12 Omapere, Northland, Opononi 0400, New Zealand","GC35+8W Opononi, New Zealand",https://local.churchofjesuschrist.org/nz/opononi/179-state-highway-12?y_source=1_MzAwNjIyOTQtNzE1LWxvY2F0aW9uLndlYnNpdGU%3D,+64 21 898 694,Closed today,https://streetviewpixels-pa.googleapis.com/v1/thumbnail?panoid=HGYm5ag8Yshuup6sEIIkaA&cb_client=search.gws-prod.gps&w=408&h=240&yaw=310.23605&pitch=0&thumbfov=100,true,-35.49668750000001,173.4098125,"https://www.google.com/maps/search/churches+near+North+Island,+New+Zealand/@-38.4231251,174.681506,7.5z/data=!4m2!2m1!6e1",2023-04-11T00:03:20.198Z,Closed,Closed,Closed,Closed,Closed,10 AM–12 PM,Closed,,
"https://www.google.com/maps/place/St+Martins+church,+Greatford/data=!4m7!3m6!1s0x6d403b2291744077:0xbae5848bed9c929!8m2!3d-40.1257618!4d175.4174875!16s%2Fg%2F11fplmrdj2!19sChIJd0B0kSI7QG0RKcnZvkhYrgs","St Martins church, Greatford",,,Anglican church,"12 Willis Street, Bulls 4787, New Zealand","VCF8+MX Bulls, New Zealand",,,,https://lh5.googleusercontent.com/p/AF1QipPDsteKjxPouCqtzzygfEKbJExcoJUBs3loy5r2=w408-h272-k-no,false,-40.1258125,175.41743749999995,"https://www.google.com/maps/search/churches+near+North+Island,+New+Zealand/@-38.4231251,174.681506,7.5z/data=!4m2!2m1!6e1",2023-04-11T00:03:24.701Z,,,,,,,,,
https://www.google.com/maps/place/Christian+Community+Church+%7C+Palmerston+North/data=!4m7!3m6!1s0x6d404d2d840807af:0x621a4029530e9be2!8m2!3d-40.3575324!4d175.5993059!16s%2Fg%2F1tgdj5dt!19sChIJrwcIhC1NQG0R4psOUylAGmI,Christian Community Church | Palmerston North,5.0,1,Christian church,"54 Pascal Street, Takaro, Palmerston North 4410, New Zealand","JHRX+XP Palmerston North, New Zealand",http://www.cccpn.org.nz/,+64 6 357 8925,Closing soon,https://lh5.googleusercontent.com/p/AF1QipPP7wsLoBCQFv83XtuYzA8h1QLBHPyX3ZSwCPZ9=w560-h240-k-no,true,-40.3575625,175.59931250000005,"https://www.google.com/maps/search/churches+near+North+Island,+New+Zealand/@-38.4231251,174.681506,7.5z/data=!4m2!2m1!6e1",2023-04-11T00:03:29.633Z,9 AM–1 PM,9 AM–1 PM,9 AM–1 PM,9 AM–12 PM,Closed,9 AM–12 PM,Closed,,
https://www.google.com/maps/place/Presbyterian+Church/data=!4m7!3m6!1s0x6d6ecf9edb9f4045:0x3aefc57c11a75b8e!8m2!3d-38.4567495!4d176.7055527!16s%2Fg%2F1xpwjzqd!19sChIJRUCf257Pbm0RjlunEXzF7zo,Presbyterian Church,,,Presbyterian church,"6 Matai Street, Murupara 3025, New Zealand","GPV4+86 Murupara, New Zealand",https://www.presbyterian.org.nz/,+64 7 366 5665,,https://streetviewpixels-pa.googleapis.com/v1/thumbnail?panoid=k5GBWkcST1pkFf46CXY8XA&cb_client=search.gws-prod.gps&w=408&h=240&yaw=246.76701&pitch=0&thumbfov=100,false,-38.45668750000001,176.70556249999998,"https://www.google.com/maps/search/churches+near+North+Island,+New+Zealand/@-38.4231251,174.681506,7.5z/data=!4m2!2m1!6e1",2023-04-11T00:03:34.484Z,,,,,,,,,
"https://www.google.com/maps/place/Tree+church/@-41.2909843,175.4806297,17z/data=!3m1!4b1!4m6!3m5!1s0x6d472f1bf147678d:0x1ae5b260e7189ed1!8m2!3d-41.2909843!4d175.4806297!16s%2Fg%2F11fjzkk70w",Tree church,,1,Church,"Tuturumuri 5782, New Zealand","PF5J+J7 Tuturumuri, New Zealand",https://www.martinboroughtreechurch.co.nz/,+64 6 306 9791,,,false,-41.2909375,175.4806875,"https://www.google.com/maps/search/churches+near+North+Island,+New+Zealand/@-38.4231251,174.681506,7.5z/data=!4m2!2m1!6e1",2023-04-11T00:03:41.501Z,,,,,,,,,
https://www.google.com/maps/place/St+Johns+church/data=!4m7!3m6!1s0x6d69b79595f561d3:0x6b94434ced1964c!8m2!3d-39.5828714!4d176.7604173!16s%2Fg%2F1yglpdgkb!19sChIJ02H1lZW3aW0RTJbRzjREuQY,St Johns church,5.0,2,Anglican church,"Taihape Road, Omahu 4175, New Zealand","CQ86+V5 Omahu, New Zealand",,,,https://lh5.googleusercontent.com/p/AF1QipNSaNqZ4Sb7eq0YyfsB3fTvugZF5y1T64m-uxJo=w408-h612-k-no,false,-39.5828125,176.76043750000002,"https://www.google.com/maps/search/churches+near+North+Island,+New+Zealand/@-38.4231251,174.681506,7.5z/data=!4m2!2m1!6e1",2023-04-11T00:03:45.715Z,,,,,,,,,
https://www.google.com/maps/place/LinkNZ/data=!4m7!3m6!1s0x6d15c18486588f43:0x9c822d1bb4eae606!8m2!3d-39.4541047!4d173.8554736!16s%2Fg%2F11hzvc3n49!19sChIJQ49YhoTBFW0RBubqtBstgpw,LinkNZ,,,Church,"64 Domett Street, Ōpunake 4616, New Zealand","GVW4+95 Ōpunake, New Zealand",http://www.linknz.org.nz/churches.html,+64 27 262 7526,,https://streetviewpixels-pa.googleapis.com/v1/thumbnail?panoid=dODjSb4VGfZwOz6yzxD4ZQ&cb_client=search.gws-prod.gps&w=408&h=240&yaw=210.36253&pitch=0&thumbfov=100,false,-39.4540625,173.85543750000005,"https://www.google.com/maps/search/churches+near+North+Island,+New+Zealand/@-38.4231251,174.681506,7.5z/data=!4m2!2m1!6e1",2023-04-11T00:03:50.647Z,,,,,,,,,
https://www.google.com/maps/place/St+Michaels/data=!4m7!3m6!1s0x6d0d48654ae866b1:0xf5f438f4ae4bbae8!8m2!3d-36.8732437!4d174.7839803!16s%2Fg%2F11bzs32c42!19sChIJsWboSmVIDW0R6LpLrvQ49PU,St Michaels,4.8,161,Catholic church,"6 Beatrice Road, Remuera, Auckland 1050, New Zealand","4QGM+PH Auckland, New Zealand",https://remueracatholic.org.nz/,+64 9 520 1226,Closed today,https://lh5.googleusercontent.com/p/AF1QipMqEySJ1Sd-oPF3OL7GtrjRh3xsz-OfrFoxQYVN=w408-h379-k-no,false,-36.8731875,174.78393750000004,"https://www.google.com/maps/search/churches+near+North+Island,+New+Zealand/@-38.4231251,174.681506,7.5z/data=!4m2!2m1!6e1",2023-04-11T00:03:56.074Z,Closed,Open 24 hours,Closed,Open 24 hours,Closed,Open 24 hours,Closed,,
"https://www.google.com/maps/place/The+Hub+%7C+Dannevirke+Christian+Fellowship/@-40.2094447,176.0999069,17z/data=!3m1!4b1!4m6!3m5!1s0x6d41f2846869859d:0xb5135723b06e3746!8m2!3d-40.2094447!4d176.0999069!16s%2Fg%2F1tzlz4gg",The Hub | Dannevirke Christian Fellowship,,30,Church,"23 Gordon Street, Dannevirke 4930, New Zealand","Q3RX+6X Dannevirke, New Zealand",http://thehubdcf.org.nz/,+64 6 374 6209,,,false,-40.2094375,176.0999375,"https://www.google.com/maps/search/churches+near+North+Island,+New+Zealand/@-38.4231251,174.681506,7.5z/data=!4m2!2m1!6e1",2023-04-11T00:04:02.914Z,,,,,,,,,
https://www.google.com/maps/place/Anglican+Church+of+Raukokore/data=!4m7!3m6!1s0x6d65156b3f6230b7:0x55a3b686e8e69138!8m2!3d-37.6392392!4d177.8783849!16s%2Fg%2F11b75kt1vl!19sChIJtzBiP2sVZW0ROJHm6Ia2o1U,Anglican Church of Raukokore,4.7,59,Anglican church,"9948 State Highway 35, Waihau Bay 3199, New Zealand","9V6H+89 Waihau Bay, New Zealand",https://www.anglican.org.nz/,,,https://lh5.googleusercontent.com/p/AF1QipOHLhLCA5AT9fS5sFxo-4H0c002PnXA7aXJUyLG=w408-h544-k-no,false,-37.639187500000006,177.87843750000002,"https://www.google.com/maps/search/churches+near+North+Island,+New+Zealand/@-38.4231251,174.681506,7.5z/data=!4m2!2m1!6e1",2023-04-11T00:04:07.185Z,,,,,,,,,
https://www.google.com/maps/place/Wheriko+church/data=!4m7!3m6!1s0x6d40412bf06b94a3:0xd2aefcd0458a7a41!8m2!3d-40.2323279!4d175.3195845!16s%2Fg%2F11h88q5gdw!19sChIJo5Rr8CtBQG0RQXqKRdD8rtI,Wheriko church,4.0,2,Anglican church,"953 Parewanui Road, Parewanui 4894, New Zealand","Q899+3R Parewanui, New Zealand",,,,https://lh5.googleusercontent.com/p/AF1QipPtEvb7EVLnUgwDyYFGHbXY2pjvIKuC6Qo_wMl7=w408-h272-k-no,false,-40.232312500000006,175.31956250000002,"https://www.google.com/maps/search/churches+near+North+Island,+New+Zealand/@-38.4231251,174.681506,7.5z/data=!4m2!2m1!6e1",2023-04-11T00:04:12.113Z,,,,,,,,,
https://www.google.com/maps/place/Church+Directory+In+New+Zealand/data=!4m7!3m6!1s0x6d0d478e45d8ce55:0xdc5d9917e6d88410!8m2!3d-36.847314!4d174.7453683!16s%2Fg%2F11c30_byxf!19sChIJVc7YRY5HDW0REITY5heZXdw,Church Directory In New Zealand,5.0,1,Religious organization,"25/99 College Hill, Hill Fremans Bay, Auckland 1011, New Zealand","5P3W+34 Auckland, New Zealand",https://www.churchfinder.co.nz/,+64 800 222 765,,https://lh5.googleusercontent.com/p/AF1QipOyWtI_Q44_KVh0lv_vcnJTNly-tuCkGBrmHpYV=w408-h270-k-no,false,-36.84731250000001,174.7453125,"https://www.google.com/maps/search/churches+near+North+Island,+New+Zealand/@-38.4231251,174.681506,7.5z/data=!4m2!2m1!6e1",2023-04-11T00:04:17.388Z,,,,,,,,,
https://www.google.com/maps/place/Bridges/data=!4m7!3m6!1s0x6d6cfd7db54d5eeb:0x6497c2df013d20c7!8m2!3d-37.8949242!4d175.4682082!16s%2Fg%2F1tdnx2gz!19sChIJ615NtX39bG0RxyA9Ad_Cl2Q,Bridges,4.7,22,Church,"28 Duke Street, Cambridge 3434, New Zealand","4F49+27 Cambridge, New Zealand",http://www.bridgeschurch.co.nz/,+64 7 827 3833,Open now,https://streetviewpixels-pa.googleapis.com/v1/thumbnail?panoid=zpPpsW2RA-uJiz5Hx81szA&cb_client=search.gws-prod.gps&w=408&h=240&yaw=301.84933&pitch=0&thumbfov=100,true,-37.8949375,175.4681875,"https://www.google.com/maps/search/churches+near+North+Island,+New+Zealand/@-38.4231251,174.681506,7.5z/data=!4m2!2m1!6e1",2023-04-11T00:04:22.282Z,9 AM–5 PM,9 AM–5 PM,9 AM–5 PM,9 AM–5 PM,Closed,10 AM–12 PM,9 AM–5 PM,,
https://www.google.com/maps/place/St+John%27s+Anglican+Church/data=!4m7!3m6!1s0x6d14d9fb696114d9:0x6cbeb20db3c16029!8m2!3d-39.1443436!4d174.7356555!16s%2Fg%2F11pwqp1pxg!19sChIJ2RRhafvZFG0RKWDBsw2yvmw,St John's Anglican Church,,,Church,"6021 Ohura Road, Whangamōmona 4396, New Zealand","VP4P+77 Whangamōmona, New Zealand",,,,https://lh5.googleusercontent.com/p/AF1QipM0X0QzVjZ7ygDEq77eycjAn5jNwWYG8k0pP8s=w408-h376-k-no,false,-39.1443125,174.73568750000004,"https://www.google.com/maps/search/churches+near+North+Island,+New+Zealand/@-38.4231251,174.681506,7.5z/data=!4m2!2m1!6e1",2023-04-11T00:04:27.100Z,,,,,,,,,
https://www.google.com/maps/place/All+Saints%27+Anglican+Church/data=!4m7!3m6!1s0x6d41b2d028a8ed95:0x58ca6ec11553cc66!8m2!3d-40.3583309!4d175.6107154!16s%2Fg%2F11bzv298kz!19sChIJle2oKNCyQW0RZsxTFcFuylg,All Saints' Anglican Church,4.6,36,Church,"338 Church Street, Palmerston North Central, Palmerston North 4410, New Zealand","JJR6+M7 Palmerston North, New Zealand",http://www.allsaintspn.org.nz/,+64 6 358 2203,,https://lh5.googleusercontent.com/p/AF1QipO6xrW1CFGUg3T4PXJQu_78D0iEbqqfVnOZKip9=w408-h544-k-no,false,-40.358312500000004,175.61068750000004,"https://www.google.com/maps/search/churches+near+North+Island,+New+Zealand/@-38.4231251,174.681506,7.5z/data=!4m2!2m1!6e1",2023-04-11T00:04:32.232Z,,,,,,,,,
https://www.google.com/maps/place/Maori+Anglican+Church/data=!4m7!3m6!1s0x6d6b6ac842f83cc1:0xa039a7913a2b5c16!8m2!3d-38.8895601!4d175.3296023!16s%2Fg%2F11gf629gpt!19sChIJwTz4Qshqa20RFlwrOpGnOaA,Maori Anglican Church,4.5,2,Anglican church,"252 Miro Street, Manunui 3924, New Zealand","486H+5R Manunui, New Zealand",https://www.anglican.org.nz/,,,https://lh5.googleusercontent.com/p/AF1QipMkfYiYen52hPumBhJPBfH222-x-QyjLo3uzyqM=w408-h612-k-no,false,-38.889562500000004,175.3295625,"https://www.google.com/maps/search/churches+near+North+Island,+New+Zealand/@-38.4231251,174.681506,7.5z/data=!4m2!2m1!6e1",2023-04-11T00:04:37.036Z,,,,,,,,,
https://www.google.com/maps/place/The+Church+of+Jesus+Christ+of+Latter-day+Saints/data=!4m7!3m6!1s0x6d64dd0de059be15:0x34f984f726ad64c2!8m2!3d-37.608487!4d178.3153096!16s%2Fg%2F11j4fc3zxz!19sChIJFb5Z4A3dZG0RwmStJveE-TQ,The Church of Jesus Christ of Latter-day Saints,,,Christian church,"4788 Te Araroa Road, Te Araroa 4087, New Zealand","98R8+J4 Te Araroa, New Zealand",https://local.churchofjesuschrist.org/nz/te-araroa-te-araroa/4788-te-araroa-road?y_source=1_MzAwNjE4NjAtNzE1LWxvY2F0aW9uLndlYnNpdGU%3D,+64 21 240 8196,Closed today,https://streetviewpixels-pa.googleapis.com/v1/thumbnail?panoid=pV9534y4NOR7ONtdPU5QFw&cb_client=search.gws-prod.gps&w=408&h=240&yaw=37.524117&pitch=0&thumbfov=100,true,-37.6084375,178.3153125,"https://www.google.com/maps/search/churches+near+North+Island,+New+Zealand/@-38.4231251,174.681506,7.5z/data=!4m2!2m1!6e1",2023-04-11T00:04:42.260Z,Closed,Closed,Closed,Closed,Closed,10 AM–12 PM,Closed,,
https://www.google.com/maps/place/Cathedral+of+St+Patrick+%26+St+Joseph/data=!4m7!3m6!1s0x6d0d47fa7a7f679f:0xa2fee58c9f8f1c59!8m2!3d-36.846315!4d174.7627334!16s%2Fm%2F0b6l2dh!19sChIJn2d_evpHDW0RWRyPn4zl_qI,Cathedral of St Patrick & St Joseph,4.8,1245,Catholic church,"43 Wyndham Street, Auckland CBD, Auckland 1010, New Zealand","5Q37+F3 Auckland, New Zealand",http://www.stpatricks.org.nz/,+64 9 303 4509,,https://lh3.googleusercontent.com/gps-proxy/AE4_-5E0EekealVcLQ5HMKMwHIU-4QKiDHO_dsJS6jSwj0reWoOua4l5scr3VAH67ONjXNm6svMTQIlIRZQEpkDCqUE-l13zRpKVyKw1BPCSaznMtRwQY9Po0DUIC_AfVEsVaoY_F7EPflrAyCCyDSE6qhKO3m8cvWhTUUpJ1v3fR6sklyhwNbd-8a3k8Q=w408-h283-k-no,false,-36.8463125,174.76268750000003,"https://www.google.com/maps/search/churches+near+North+Island,+New+Zealand/@-38.4231251,174.681506,7.5z/data=!4m2!2m1!6e1",2023-04-11T00:04:47.621Z,,,,,,,,"Stately, full-service Catholic church featuring an ornate design with lots of stained glass.",
https://www.google.com/maps/place/St+Johns+Anglican+Church+Otakeho/data=!4m7!3m6!1s0x6d1596f323239bfd:0x3d82d241749af6ed!8m2!3d-39.5476498!4d174.0390161!16s%2Fg%2F11dxj0n546!19sChIJ_ZsjI_OWFW0R7faadEHSgj0,St Johns Anglican Church Otakeho,,,Anglican church,"4 Campbell Road, Otakeho 4678, New Zealand","F22Q+WJ Otakeho, New Zealand",,,,https://lh5.googleusercontent.com/p/AF1QipOr8oPm0mRg0cA1_4R8we1D0XEN0T6CLbg2NDb1=w408-h272-k-no,false,-39.5476875,174.03906250000006,"https://www.google.com/maps/search/churches+near+North+Island,+New+Zealand/@-38.4231251,174.681506,7.5z/data=!4m2!2m1!6e1",2023-04-11T00:04:52.303Z,,,,,,,,,
https://www.google.com/maps/place/St+Mathews+Church/data=!4m7!3m6!1s0x6d099d4afc256b67:0x65974f6531502cf2!8m2!3d-35.0172039!4d173.419361!16s%2Fg%2F11b6hvzldp!19sChIJZ2sl_EqdCW0R8ixQMWVPl2U,St Mathews Church,5.0,1,Church,"20 Parapara-Toatoa Road, Taipa 0483, New Zealand","XCM9+4P Taipa, New Zealand",,,,https://lh5.googleusercontent.com/p/AF1QipNrkOgl31ffFqMIyLCkwDeV1CvW4oEwbEgDFX8j=w408-h544-k-no,false,-35.0171875,173.4193125,"https://www.google.com/maps/search/churches+near+North+Island,+New+Zealand/@-38.4231251,174.681506,7.5z/data=!4m2!2m1!6e1",2023-04-11T00:04:57.250Z,,,,,,,,,
https://www.google.com/maps/place/Auckland+Unitarian+Church/data=!4m7!3m6!1s0x6d0d479546d7d207:0xc7bf9aac109f9364!8m2!3d-36.8587202!4d174.7515916!16s%2Fg%2F1tfdz0tl!19sChIJB9LXRpVHDW0RZJOfEKyav8c,Auckland Unitarian Church,4.4,17,Church,"1A Ponsonby Road, Grey Lynn, Auckland 1011, New Zealand","4QR2+GJ Auckland, New Zealand",https://aucklandunitarian.org.nz/,+64 9 378 0112,Closed today,https://lh5.googleusercontent.com/p/AF1QipOBlOL-FhYFdiW-YR-G8fm_2BdLKc-5nO4MtuRa=w408-h400-k-no,true,-36.8586875,174.75156250000003,"https://www.google.com/maps/search/churches+near+North+Island,+New+Zealand/@-38.4231251,174.681506,7.5z/data=!4m2!2m1!6e1",2023-04-11T00:05:02.521Z,Closed,Closed,Closed,Closed,Closed,10 AM–12:30 PM,Closed,,
https://www.google.com/maps/place/St+Benedict%27s+Parish+of+Newton-Auckland/data=!4m7!3m6!1s0x6d0d47c2895d202b:0xf3c63d09ec88d578!8m2!3d-36.8622092!4d174.7603688!16s%2Fg%2F11hzvd7pqq!19sChIJKyBdicJHDW0ReNWI7Ak9xvM,St Benedict's Parish of Newton-Auckland,,,Catholic church,"Saint Benedicts Street, Eden Terrace, Auckland 1010, New Zealand","4QQ6+44 Auckland, New Zealand",https://stbenedictsauckland.org.nz/contact/,+64 9 379 0624,,https://streetviewpixels-pa.googleapis.com/v1/thumbnail?panoid=9mI2GWXXPB06kvAQ-UbXuA&cb_client=search.gws-prod.gps&w=408&h=240&yaw=116.31766&pitch=0&thumbfov=100,false,-36.8621875,174.7603125,"https://www.google.com/maps/search/churches+near+North+Island,+New+Zealand/@-38.4231251,174.681506,7.5z/data=!4m2!2m1!6e1",2023-04-11T00:05:08.175Z,,,,,,,,,
https://www.google.com/maps/place/Presbyterian+Church+St+Columba/data=!4m7!3m6!1s0x6d6c27009b89e8f5:0xfce53411c7b3b7dc!8m2!3d-38.129671!4d176.2192308!16s%2Fg%2F1thcmzdr!19sChIJ9eiJmwAnbG0R3LezxxE05fw,Presbyterian Church St Columba,,,Presbyterian church,"155 Clayton Road, Mangakakahi, Rotorua 3015, New Zealand","V6C9+4M Rotorua, New Zealand",,,,https://lh5.googleusercontent.com/p/AF1QipO0F7T5lOZdbje51-OXV3NTqTj0OZgUhuditWM=w408-h610-k-no,false,-38.129687499999996,176.21918749999998,"https://www.google.com/maps/search/churches+near+North+Island,+New+Zealand/@-38.4231251,174.681506,7.5z/data=!4m2!2m1!6e1",2023-04-11T00:05:12.712Z,,,,,,,,,
https://www.google.com/maps/place/Pacific+Area+Administrative+Office/data=!4m7!3m6!1s0x6d0d39d6f13e31c9:0xda94ed14069c74db!8m2!3d-36.7891304!4d174.7702048!16s%2Fg%2F1tfb6rf8!19sChIJyTE-8dY5DW0R23ScBhTtlNo,Pacific Area Administrative Office,4.8,13,Church of Jesus Christ of Latter-day Saints,"11 Huron Street, Takapuna, Auckland 0622, New Zealand","6Q6C+83 Auckland, New Zealand",https://pacific.churchofjesuschrist.org/,+64 9 488 2351,Open now,https://streetviewpixels-pa.googleapis.com/v1/thumbnail?panoid=daz--uI6H-eqDfD9pFHukA&cb_client=search.gws-prod.gps&w=408&h=240&yaw=322.25616&pitch=0&thumbfov=100,true,-36.789187500000004,174.77018750000002,"https://www.google.com/maps/search/churches+near+North+Island,+New+Zealand/@-38.4231251,174.681506,7.5z/data=!4m2!2m1!6e1",2023-04-11T00:05:17.981Z,9 AM–5 PM,9 AM–5 PM,9 AM–5 PM,9 AM–5 PM,Closed,Closed,9 AM–5 PM,,
https://www.google.com/maps/place/Porirua+Hospital+chapel/data=!4m7!3m6!1s0x6d3f53df145846eb:0x98d3456787d5f072!8m2!3d-41.1404492!4d174.8321069!16s%2Fg%2F11pv5hlnsb!19sChIJ60ZYFN9TP20RcvDVh2dF05g,Porirua Hospital chapel,,,Church,"24 Upper Main Drive, Kenepuru, Porirua 5022, New Zealand","VR5J+RR Porirua, New Zealand",,,Open now,https://lh5.googleusercontent.com/p/AF1QipOr_OyAfvmZXJPVX7CNwnc2HOS5m0BE99ptVF9-=w408-h544-k-no,false,-41.1404375,174.8320625,"https://www.google.com/maps/search/churches+near+North+Island,+New+Zealand/@-38.4231251,174.681506,7.5z/data=!4m2!2m1!6e1",2023-04-11T00:05:22.613Z,7:30 AM–12 AM,7:30 AM–12 AM,7:30 AM–12 AM,7:30 AM–12 AM,7:30 AM–12 AM,7:30 AM–12 AM,7:30 AM–12 AM,,
https://www.google.com/maps/place/Taradale+Anglican+Church/data=!4m7!3m6!1s0x6d69b472bcd0371b:0x7742bf22dd533ae8!8m2!3d-39.5361189!4d176.8431752!16s%2Fg%2F1tmpf3dj!19sChIJGzfQvHK0aW0R6DpT3SK_Qnc,Taradale Anglican Church,4.7,31,Anglican church,"23 Puketapu Road, Taradale, Napier 4112, New Zealand","FR7V+H7 Napier, New Zealand",http://www.taradaleanglican.church/,+64 6 844 2998,Open now,https://lh5.googleusercontent.com/p/AF1QipPycw2jRa_2XgbgDWhfHRAD1wdYiK7IN9YvsGHo=w408-h839-k-no,true,-39.53606249999999,176.84318750000006,"https://www.google.com/maps/search/churches+near+North+Island,+New+Zealand/@-38.4231251,174.681506,7.5z/data=!4m2!2m1!6e1",2023-04-11T00:05:26.955Z,10 AM–1:30 PM,10 AM–1:30 PM,10 AM–1:30 PM,10 AM–1:30 PM,Closed,8 AM–12 PM,10 AM–1:30 PM,,
https://www.google.com/maps/place/Holy+Trinity+Anglican+Church/data=!4m7!3m6!1s0x6d0bbf702c7e23ff:0x8eaad91c115400da!8m2!3d-35.3608259!4d173.9505052!16s%2Fg%2F1pp2vcxld!19sChIJ_yN-LHC_C20R2gBUERzZqo4,Holy Trinity Anglican Church,5.0,4,Anglican church,"6885 State Highway 1, Pakaraka 0472, New Zealand","JXQ2+M6 Pakaraka, New Zealand",https://waimatenorthparish.org.nz/,+64 9 403 7481,,https://lh5.googleusercontent.com/p/AF1QipNk0ckpuViB1pf5QjtbT4koa4_jSPLXw0biAwpB=w408-h614-k-no,false,-35.3608125,173.9505625,"https://www.google.com/maps/search/churches+near+North+Island,+New+Zealand/@-38.4231251,174.681506,7.5z/data=!4m2!2m1!6e1",2023-04-11T00:05:31.851Z,,,,,,,,,
https://www.google.com/maps/place/TreeChurch+and+Gardens/data=!4m7!3m6!1s0x6d6ce1bf481867c9:0xa1dddcd435f06b3a!8m2!3d-37.90852!4d175.329699!16s%2Fg%2F11b807yxtw!19sChIJyWcYSL_hbG0ROmvwNdTc3aE,TreeChurch and Gardens,4.6,134,Garden,"119 West Road, Ōhaupō 3881, New Zealand","38RH+HV Ōhaupō, New Zealand",http://treechurch.co.nz/,+64 21 813 861,Closed today,https://lh5.googleusercontent.com/p/AF1QipPgZg7Xvq_Iroqg_V59lSHxKVwDS4-wjRK8dhGr=w408-h312-k-no,true,-37.9085625,175.32968749999998,"https://www.google.com/maps/search/churches+near+North+Island,+New+Zealand/@-38.4231251,174.681506,7.5z/data=!4m2!2m1!6e1",2023-04-11T00:05:36.948Z,Closed,Closed,Closed,Closed,Closed,10 AM–4 PM,Closed,,
https://www.google.com/maps/place/Catholic+Centre/data=!4m7!3m6!1s0x6d38ae290b16b965:0xf4f664dcd5dd7962!8m2!3d-41.2720205!4d174.7825212!16s%2Fm%2F027k1pl!19sChIJZbkWCymuOG0RYnnd1dxk9vQ,Catholic Centre,4.5,11,Parish,"Level 2/204 Thorndon Quay, Pipitea, Wellington 6011, New Zealand","PQHM+52 Wellington, New Zealand",http://www.wn.catholic.org.nz/,+64 4 496 1777,Open now,https://lh5.googleusercontent.com/p/AF1QipO6R0MN9-ydbyIb49vS44nt8h_FatvdJZ4bRrBP=w408-h725-k-no,true,-41.2720625,174.78256250000004,"https://www.google.com/maps/search/churches+near+North+Island,+New+Zealand/@-38.4231251,174.681506,7.5z/data=!4m2!2m1!6e1",2023-04-11T00:05:41.286Z,8:30 AM–5 PM,8:30 AM–5 PM,8:30 AM–5 PM,8:30 AM–5 PM,8:30 AM–5 PM,Closed,8:30 AM–5 PM,,
https://www.google.com/maps/place/Old+St+Paul%27s/data=!4m7!3m6!1s0x6d38ae2eef8542f9:0xd3ae6dcd200bba78!8m2!3d-41.2762521!4d174.7803847!16zL20vMGJtYmNw!19sChIJ-UKF7y6uOG0ReLoLIM1trtM,Old St Paul's,4.7,563,Anglican church,"34 Mulgrave Street, Pipitea, Wellington 6011, New Zealand","PQFJ+F5 Wellington, New Zealand",https://www.heritage.org.nz/places/places-to-visit/wellington-region/old-st-pauls,+64 4 473 6722,Open now,https://lh5.googleusercontent.com/p/AF1QipP0DYLwDU7_q5A6WW8hLlyJPjc8uUkhdhUN9Ko6=w408-h306-k-no,true,-41.276312499999996,174.7804375,"https://www.google.com/maps/search/churches+near+North+Island,+New+Zealand/@-38.4231251,174.681506,7.5z/data=!4m2!2m1!6e1",2023-04-11T00:05:45.828Z,10 AM–4 PM,10 AM–4 PM,10 AM–4 PM,10 AM–4 PM,10 AM–4 PM,10 AM–4 PM,10 AM–4 PM,"Gothic revival cathedral built in the 1860s, with wooden arches, stained glass & guided tours.",
https://www.google.com/maps/place/The+Church+of+Jesus+Christ+of+Latter-day+Saints/data=!4m7!3m6!1s0x6d41a56fc276d463:0xc0911c92369c17b!8m2!3d-40.4523482!4d175.8437565!16s%2Fg%2F11spp7h65y!19sChIJY9R2wm-lQW0Re8FpI8kRCQw,The Church of Jesus Christ of Latter-day Saints,4.0,6,Christian church,"17 Wakeman Street, Pahiatua 5471, New Zealand","GRXV+3G Pahiatua, New Zealand",https://local.churchofjesuschrist.org/nz/pahiatua-pahiatua/17-wakeman-st?y_source=1_MzAwNjIyODAtNzE1LWxvY2F0aW9uLndlYnNpdGU%3D,+64 21 572 523,Closed today,https://streetviewpixels-pa.googleapis.com/v1/thumbnail?panoid=Q2kJX698R1hoKhhEfxMW3Q&cb_client=search.gws-prod.gps&w=408&h=240&yaw=34.91244&pitch=0&thumbfov=100,true,-40.452312500000005,175.84381250000007,"https://www.google.com/maps/search/churches+near+North+Island,+New+Zealand/@-38.4231251,174.681506,7.5z/data=!4m2!2m1!6e1",2023-04-11T00:05:50.590Z,Closed,Closed,Closed,Closed,Closed,10 AM–12 PM,Closed,,
https://www.google.com/maps/place/Auckland+Baptist+Tabernacle/data=!4m7!3m6!1s0x6d0d47e8f466b573:0x2d8ba1dcbf253915!8m2!3d-36.8574222!4d174.7613398!16s%2Fm%2F0gh7__w!19sChIJc7Vm9OhHDW0RFTklv9yhiy0,Auckland Baptist Tabernacle,4.7,117,Baptist church,"1010/429 Queen Street, Auckland CBD, Auckland 1010, New Zealand","4QV6+2G Auckland, New Zealand",http://www.tabernacle.org.nz/,+64 9 377 4063,Open now,https://lh5.googleusercontent.com/p/AF1QipMYvuV2Asb0-1lVJGtCVCqgj5E1ZW0w4K6vE30n=w408-h306-k-no,true,-36.8574375,174.76131250000003,"https://www.google.com/maps/search/churches+near+North+Island,+New+Zealand/@-38.4231251,174.681506,7.5z/data=!4m2!2m1!6e1",2023-04-11T00:05:55.959Z,9:30 AM–2:30 PM,9:30 AM–2:30 PM,9:30 AM–2:30 PM,9:30 AM–2:30 PM,Closed,10:30 AM–4 PM,Closed,,
https://www.google.com/maps/place/Te+Rautini/data=!4m7!3m6!1s0x6d6d23712754cf05:0x8dfef0a2fe319628!8m2!3d-37.7933331!4d175.2483624!16s%2Fg%2F11n8ty7mxn!19sChIJBc9UJ3EjbW0RKJYx_qLw_o0,Te Rautini,5.0,3,Church,"160 Rifle Range Road, Dinsdale, Hamilton 3204, New Zealand","664X+M8 Hamilton, New Zealand",https://www.terautini.com/,,Closed today,https://streetviewpixels-pa.googleapis.com/v1/thumbnail?panoid=oUl8ul8kaBIGjJQDvIjlfg&cb_client=search.gws-prod.gps&w=408&h=240&yaw=277.21982&pitch=0&thumbfov=100,false,-37.7933125,175.2483125,"https://www.google.com/maps/search/churches+near+North+Island,+New+Zealand/@-38.4231251,174.681506,7.5z/data=!4m2!2m1!6e1",2023-04-11T00:06:00.154Z,Closed,Closed,Closed,Closed,Closed,10:30 AM–1 PM,Closed,,
https://www.google.com/maps/place/The+Salvation+Army/data=!4m7!3m6!1s0x6d41b2db95291acd:0x10ebe4828ccf4a7c!8m2!3d-40.3548213!4d175.6169281!16s%2Fg%2F1tjxfvn9!19sChIJzRoplduyQW0RfErPjILk6xA,The Salvation Army,4.6,66,Church,"431 Church Street, Palmerston North Central, Palmerston North 4410, New Zealand","JJW8+3Q Palmerston North, New Zealand",http://www.salvationarmy.org.nz/,+64 6 358 7455,Open now,https://lh5.googleusercontent.com/p/AF1QipNO7gcAmpWKMuyQdzBOV-Lm3HuIjb4fzzA4ggWX=w408-h306-k-no,false,-40.3548125,175.6169375,"https://www.google.com/maps/search/churches+near+North+Island,+New+Zealand/@-38.4231251,174.681506,7.5z/data=!4m2!2m1!6e1",2023-04-11T00:06:05.082Z,9 AM–4 PM,9 AM–4 PM,9 AM–4 PM,9 AM–3 PM,Closed,Closed,9 AM–4 PM,,
https://www.google.com/maps/place/The+Salvation+Army+Cuba+Street/data=!4m7!3m6!1s0x6d38afd860c7d2f7:0xea12f36148669944!8m2!3d-41.2952376!4d174.7744819!16s%2Fg%2F1tcyl6t9!19sChIJ99LHYNivOG0RRJlmSGHzEuo,The Salvation Army Cuba Street,4.5,28,Christian church,"Ground Floor/202 Cuba Street, Te Aro, Wellington 6011, New Zealand","PQ3F+WQ Wellington, New Zealand",https://www.salvationarmy.org.nz/centres/nz/lower-north-island/wellington-city/salvation-army-cuba-street,+64 4 801 9278,Closing soon,https://lh5.googleusercontent.com/p/AF1QipMZa06i88nARlG9HnLIuwDMCXHb42K-WbU_GiFA=w408-h271-k-no,true,-41.295187500000004,174.77443749999998,"https://www.google.com/maps/search/churches+near+North+Island,+New+Zealand/@-38.4231251,174.681506,7.5z/data=!4m2!2m1!6e1",2023-04-11T00:06:09.514Z,8:30 AM–12:30 PM,8 AM–12:30 PM,8 AM–12:30 PM,8 AM–12:30 PM,Closed,10 AM–12 PM,8 AM–12:30 PM,,
https://www.google.com/maps/place/Te+Hui+Amorangi+Ki+Te+Tairawhiti/data=!4m7!3m6!1s0x6d66783cee7060ed:0x55d0b011d70c003e!8m2!3d-38.6608879!4d178.0233579!16s%2Fm%2F0265v2d!19sChIJ7WBw7jx4Zm0RPgAM1xGw0FU,Te Hui Amorangi Ki Te Tairawhiti,5.0,3,Religious organization,"34 Cobden Street, Gisborne 4010, New Zealand","82QF+J8 Gisborne, New Zealand",https://tairawhiti.org/,+64 6 867 8856,Open now,https://lh5.googleusercontent.com/p/AF1QipPlpAGdcsD4eWWlshpC4s0jukmH72Qrnz2xB_wz=w408-h544-k-no,true,-38.6609375,178.02331249999997,"https://www.google.com/maps/search/churches+near+North+Island,+New+Zealand/@-38.4231251,174.681506,7.5z/data=!4m2!2m1!6e1",2023-04-11T00:06:14.524Z,9 AM–4 PM,9 AM–4 PM,9 AM–4 PM,9 AM–4 PM,Closed,Closed,9 AM–4 PM,,LGBTQ+ friendly
https://www.google.com/maps/place/Te+Waimate+Mission/data=!4m7!3m6!1s0x6d0bc6ce5f86fb8f:0x3c7f5ddf6eac49e0!8m2!3d-35.3164821!4d173.8757447!16s%2Fm%2F026vsnq!19sChIJj_uGX87GC20R4Emsbt9dfzw,Te Waimate Mission,4.5,119,Historical place museum,"344 Te Ahu Ahu Road, Waimate North 0472, New Zealand","MVMG+C7 Waimate North, New Zealand",http://www.tewaimatemission.co.nz/,+64 9 405 9734,Closed today,https://lh5.googleusercontent.com/p/AF1QipMeeEZbiwBngY8FL-P-N4iepq3IrpRNYluFPreF=w408-h271-k-no,true,-35.316437500000006,173.87568750000003,"https://www.google.com/maps/search/churches+near+North+Island,+New+Zealand/@-38.4231251,174.681506,7.5z/data=!4m2!2m1!6e1",2023-04-11T00:06:19.980Z,Closed,Closed,Closed,10 AM–5 PM,10 AM–5 PM,10 AM–5 PM,10 AM–5 PM,,
https://www.google.com/maps/place/The+Church+of+Jesus+Christ+of+Latter-day+Saints/data=!4m7!3m6!1s0x6d736d019fcbf0d7:0xc2d96717d6a289da!8m2!3d-36.155934!4d175.393295!16s%2Fg%2F11pz16b28q!19sChIJ1_DLnwFtc20R2omi1hdn2cI,The Church of Jesus Christ of Latter-day Saints,,,Christian church,"1618 Aotea Road, Auckland 0602, New Zealand","R9VV+J8 Great Barrier Island / Aotea, New Zealand",https://local.churchofjesuschrist.org/nz/auckland/1618-aotea-road?y_source=1_MzAwNjE5MzAtNzE1LWxvY2F0aW9uLndlYnNpdGU%3D,+64 21 898 949,Closed today,https://lh5.googleusercontent.com/p/AF1QipPRGuKjtfpQ0r24HcHfiBkhTrYU_-V6UovI8lda=w408-h408-k-no,true,-36.15593750000001,175.39331250000004,"https://www.google.com/maps/search/churches+near+North+Island,+New+Zealand/@-38.4231251,174.681506,7.5z/data=!4m2!2m1!6e1",2023-04-11T00:06:24.081Z,Closed,Closed,Closed,Closed,Closed,11 AM–1 PM,Closed,,
https://www.google.com/maps/place/Keswick+Christian+Camp/data=!4m10!3m9!1s0x6d6e9ce46575f793:0x12779c71c3589bcf!5m2!4m1!1i2!8m2!3d-38.1184499!4d176.3041738!16s%2Fg%2F1vzqsfy6!19sChIJk_d1ZeScbm0Rz5tYw3GcdxI,Keswick Christian Camp,4.3,115,,"5 Cooper Avenue, Holdens Bay, Rotorua 3010, New Zealand","V8J3+JM Rotorua, New Zealand",http://www.keswick.org.nz/,+64 7 345 9728,,https://lh5.googleusercontent.com/p/AF1QipNhNmriMU5lcU9KSmVYIYYcUPpBykCPbgYd0WQX=w408-h306-k-no,true,-38.1184375,176.3041875,"https://www.google.com/maps/search/churches+near+North+Island,+New+Zealand/@-38.4231251,174.681506,7.5z/data=!4m2!2m1!6e1",2023-04-11T00:06:28.337Z,,,,,,,,,
https://www.google.com/maps/place/Motuti+Marae/data=!4m7!3m6!1s0x6d0943c000000001:0x2ce1b0891afc53f3!8m2!3d-35.389019!4d173.4065551!16s%2Fg%2F1tjz83pr!19sChIJAQAAAMBDCW0R81P8Gomw4Sw,Motuti Marae,4.9,36,Marae,"325 Motuti Road, Panguru 0492, New Zealand","JC64+9J Panguru, New Zealand",https://www.terarawa.iwi.nz/nga-marae-o-te-rarawa/motuti-marae,+64 9 405 2527,Closed today,https://lh5.googleusercontent.com/p/AF1QipMeH7nkkUwj69f9KEQdyU6yiXTj2bfdBzfeWAN5=w408-h272-k-no,true,-35.3890625,173.4065625,"https://www.google.com/maps/search/churches+near+North+Island,+New+Zealand/@-38.4231251,174.681506,7.5z/data=!4m2!2m1!6e1",2023-04-11T00:06:33.452Z,Closed,Closed,Closed,Open 24 hours,Closed,Closed,Closed,,
https://www.google.com/maps/place/Manutai+Marae/data=!4m7!3m6!1s0x6d6623dcf7cdbb85:0x3dddc345f454d285!8m2!3d-39.0434622!4d177.6842635!16s%2Fg%2F11fkw08tgz!19sChIJhbvN99wjZm0RhdJU9EXD3T0,Manutai Marae,5.0,3,Marae,"2648 State Highway 2, Nūhaka 4198, New Zealand","XM4M+JP Nūhaka, New Zealand",https://maorimaps.com/marae/te-manutai,+64 6 837 8796,,https://streetviewpixels-pa.googleapis.com/v1/thumbnail?panoid=0LFlWltqKCWvSmrJRHa06g&cb_client=search.gws-prod.gps&w=408&h=240&yaw=170.55876&pitch=0&thumbfov=100,false,-39.043437499999996,177.68431250000003,"https://www.google.com/maps/search/churches+near+North+Island,+New+Zealand/@-38.4231251,174.681506,7.5z/data=!4m2!2m1!6e1",2023-04-11T00:06:37.569Z,,,,,,,,,
"https://www.google.com/maps/place/The+Old+Church,+Weddings+and+Functions/data=!4m10!3m9!1s0x6d69b491dcad7be7:0xeeaf5a4e7b2739bb!5m2!4m1!1i2!8m2!3d-39.5411864!4d176.8728338!16s%2Fg%2F1v_snf42!19sChIJ53ut3JG0aW0Ruzkne05ar-4","The Old Church, Weddings and Functions",4.6,97,,"199 Meeanee Road, Meeanee, Napier 4112, New Zealand","FV5F+G4 Napier, New Zealand",http://www.theoldchurch.co.nz/,+64 6 844 8866,,https://lh5.googleusercontent.com/p/AF1QipMgM8nk56V96al1xHel-DezkHwafNyMmX7wcQkd=w408-h272-k-no,false,-39.5411875,176.8728125,"https://www.google.com/maps/search/churches+near+North+Island,+New+Zealand/@-38.4231251,174.681506,7.5z/data=!4m2!2m1!6e1",2023-04-11T00:06:42.482Z,,,,,,,,,Check-in time: 3:00 PM
https://www.google.com/maps/place/Carey+Park+Christian+Camp/data=!4m10!3m9!1s0x6d0d6a14954d49eb:0x8078b99760dced3e!5m2!4m1!1i2!8m2!3d-36.8977429!4d174.5873779!16s%2Fg%2F1tfsn569!19sChIJ60lNlRRqDW0RPu3cYJe5eIA,Carey Park Christian Camp,4.3,87,,"397 Henderson Valley Road, Waitākere, Auckland 0612, New Zealand","4H2P+WX Auckland, New Zealand",http://onebigadventure.org.nz/,+64 9 837 0494,,https://lh5.googleusercontent.com/p/AF1QipOxeU-gWJFEdt7vvDiRPHN97fXzF0YOi_sobAOd=w426-h240-k-no,true,-36.8976875,174.58743750000002,"https://www.google.com/maps/search/churches+near+North+Island,+New+Zealand/@-38.4231251,174.681506,7.5z/data=!4m2!2m1!6e1",2023-04-11T00:06:47.580Z,,,,,,,,,Check-in time: 5:00 PM
https://www.google.com/maps/place/Christian+Camping+NZ/data=!4m7!3m6!1s0x6d6d1e7c4e6fb721:0x19b2b293ed0ae1aa!8m2!3d-37.7033827!4d175.3060727!16s%2Fg%2F11hzv9q38l!19sChIJIbdvTnwebW0RquEK7ZOyshk,Christian Camping NZ,5.0,1,Children's camp,"586 Gordonton Road, Gordonton 3281, New Zealand","78W4+JC Gordonton, New Zealand",http://www.christiancamping.org.nz/,+64 7 378 6997,,https://streetviewpixels-pa.googleapis.com/v1/thumbnail?panoid=KCftZN-w36cvSANtYlJm1Q&cb_client=search.gws-prod.gps&w=408&h=240&yaw=66.44458&pitch=0&thumbfov=100,false,-37.7034375,175.3060625,"https://www.google.com/maps/search/churches+near+North+Island,+New+Zealand/@-38.4231251,174.681506,7.5z/data=!4m2!2m1!6e1",2023-04-11T00:06:52.215Z,,,,,,,,,
https://www.google.com/maps/place/Karakariki+Christian+Camp/data=!4m7!3m6!1s0x6d6d258c37b050c3:0xd79b04aab776a462!8m2!3d-37.7674635!4d175.1135721!16s%2Fg%2F12cpgdz3d!19sChIJw1CwN4wlbW0RYqR2t6oEm9c,Karakariki Christian Camp,4.4,67,Children's camp,"471 Karakariki Road, Whatawhata 3289, New Zealand","64M7+2C Whatawhata, New Zealand",http://campkcc.org.nz/,+64 7 829 8665,Open now,https://lh5.googleusercontent.com/p/AF1QipPP_I8ofmaoYfuH4HXewf0yQOZOW0PSRACPGR8A=w408-h306-k-no,false,-37.7674375,175.1135625,"https://www.google.com/maps/search/churches+near+North+Island,+New+Zealand/@-38.4231251,174.681506,7.5z/data=!4m2!2m1!6e1",2023-04-11T00:06:56.477Z,8 AM–5 PM,8 AM–5 PM,8 AM–5 PM,8 AM–5 PM,Closed,Closed,8 AM–5 PM,,
https://www.google.com/maps/place/Tui+Ridge+Park/data=!4m10!3m9!1s0x6d6c28dd36398e73:0x60563d8cc08970c5!5m2!4m1!1i2!8m2!3d-38.023359!4d176.1402369!16s%2Fg%2F1tdc9_fw!19sChIJc445Nt0obG0RxXCJwIw9VmA,Tui Ridge Park,4.6,172,,"260 Anderson Road, Hamurana 3072, New Zealand","X4GR+M3 Hamurana, New Zealand",http://www.tuiridgepark.co.nz/,+64 7 332 3510,,https://lh5.googleusercontent.com/p/AF1QipNuWCqVbgM7SIwDRzVyUZTKMDR7ZV-b-kLZLd2a=w408-h256-k-no,true,-38.0233125,176.14018750000008,"https://www.google.com/maps/search/churches+near+North+Island,+New+Zealand/@-38.4231251,174.681506,7.5z/data=!4m2!2m1!6e1",2023-04-11T00:07:01.084Z,,,,,,,,,Check-in time: 2:00 PM
https://www.google.com/maps/place/Tarere+Marae/data=!4m7!3m6!1s0x6d6676204d11606d:0x6fb8d6b1cef8cc14!8m2!3d-38.63756!4d177.9548528!16s%2Fg%2F1jkyckykf!19sChIJbWARTSB2Zm0RFMz4zrHWuG8,Tarere Marae,4.9,7,Marae,"Makauri, Gisborne 4071, New Zealand","9X63+XW Gisborne, New Zealand",,,,https://lh5.googleusercontent.com/p/AF1QipOAWsqCtAKimT6LgzfQfLUdoeR7TBqVnDeu4LKu=w520-h240-k-no,false,-38.6375625,177.9548125,"https://www.google.com/maps/search/churches+near+North+Island,+New+Zealand/@-38.4231251,174.681506,7.5z/data=!4m2!2m1!6e1",2023-04-11T00:07:05.803Z,,,,,,,,,
https://www.google.com/maps/place/Church+Road+Winery/data=!4m7!3m6!1s0x6d69b38a4096017d:0x1e7ef08216ae5e75!8m2!3d-39.5250956!4d176.8461288!16s%2Fm%2F0k2l47m!19sChIJfQGWQIqzaW0RdV6uFoLwfh4,Church Road Winery,4.5,324,Winery,"150 Church Road, Taradale, Napier 4112, New Zealand","FRFW+XF Napier, New Zealand",http://www.church-road.co.nz/,+64 6 882 3098,Closed today,https://lh5.googleusercontent.com/p/AF1QipN1k0ZMBcvi0UD8vV9O7Njj4uO-LNv8Ow44LYP0=w408-h285-k-no,true,-39.5250625,176.84618750000004,"https://www.google.com/maps/search/churches+near+North+Island,+New+Zealand/@-38.4231251,174.681506,7.5z/data=!4m2!2m1!6e1",2023-04-11T00:07:10.248Z,Closed,Closed,10:30 AM–4:30 PM,10:30 AM–4:30 PM,10:30 AM–2 PM,10:30 AM–4:30 PM,10:30 AM–4:30 PM,"Expansive winery founded in 1897 with tastings, tours & winemaking experiences, plus a restaurant. · Delivery",
https://www.google.com/maps/place/The+Salvation+Army+Youth+Club/data=!4m7!3m6!1s0x6d405e10eaa43d13:0x991597bd44231dd3!8m2!3d-40.471192!4d175.2839714!16s%2Fg%2F1tdj4dd8!19sChIJEz2k6hBeQG0R0x0jRL2XFZk,The Salvation Army Youth Club,4.9,7,Youth club,"10 Avenue Road, Foxton 4814, New Zealand","G7HM+GH Foxton, New Zealand",https://www.salvationarmy.org.nz/centres/nz/lower-north-island/foxton,+64 6 363 8669,Temporarily closed,https://lh5.googleusercontent.com/p/AF1QipOO1YTk6ZsgkJOHIrEMR7973OfoLlbwlEuuQp88=w408-h305-k-no,false,-40.4711875,175.28393750000004,"https://www.google.com/maps/search/churches+near+North+Island,+New+Zealand/@-38.4231251,174.681506,7.5z/data=!4m2!2m1!6e1",2023-04-11T00:07:14.840Z,Closed,Closed,Closed,3:30–5 PM,Closed,Closed,Closed,,